[-0.74907982 -0.31718153 -0.36681694  0.45135422],[-0.85184987  0.04564627  0.09935121  0.51224755],[-0.05643728  0.07854595  0.18028576  0.97884749],[ 0.28015194  0.76487922 -0.30114595 -0.49576788],[ 0.29785671 -0.01988188  0.06356474 -0.95228442],[-2.01060756e-01  3.03645049e-08 -5.88352152e-08  9.79578773e-01],[ 0.00162794 -0.01078594  0.14923577  0.98874147],[ 0.34593181  0.02320632  0.39776861 -0.8494544 ],[ 0.10959582 -0.01004401  0.09070992 -0.98977754],[-7.34693010e-02  1.09484476e-08 -5.44556407e-08  9.97297479e-01],[-1.24103241e-08 -1.35698474e-08  6.63445240e-09  1.00000000e+00],[ 6.75438349e-04 -2.70928346e-02  1.31608617e-01 -9.90931226e-01],[ 0.41375761  0.03830085 -0.08384009 -0.90570885],[-2.82757417e-01 -7.64754362e-09  1.25185243e-08  9.59191453e-01],[-0.02281756  0.02156309 -0.14976099  0.98822368],[ 0.49464374 -0.10303029  0.03408596 -0.86229373],[ 0.77866847 -0.0063853   0.00514478 -0.627382  ],[-5.68313983e-01  2.17390401e-07 -1.82551213e-07  8.22811775e-01],[-0.04721578  0.04159609 -0.29730419  0.95270701],[ 0.6268936  -0.1259965  -0.12284155 -0.7589725 ],[ 0.63477903 -0.01955589  0.02378591 -0.77207991],[-4.46570628e-01  1.17169165e-07 -1.23474046e-07  8.94748386e-01]
[-0.74910505 -0.31714012 -0.36681925  0.45133957],[-0.85160165  0.0459467   0.09985504  0.51253536],[-0.05635707  0.07850846  0.18025065  0.97886159],[ 0.27981187  0.76481442 -0.30083644 -0.49624757],[ 0.29777606 -0.01966015  0.06287775 -0.95235985],[-2.00995263e-01  1.99560972e-08 -8.15761466e-08  9.79592213e-01],[ 0.00162797 -0.01078592  0.14923577  0.98874147],[ 0.34466477  0.0247428   0.39948399 -0.84912104],[ 0.11095565 -0.01000082  0.08921159 -0.98976266],[-7.43732680e-02  7.00307349e-09 -4.20025589e-09  9.97230473e-01],[0. 0. 0. 1.],[ 6.76992616e-04 -2.72537162e-02  1.32892842e-01 -9.90755403e-01],[ 0.41396751  0.03868461 -0.08461962 -0.90552411],[-2.82931154e-01  1.90156555e-08  1.41242147e-09  9.59140220e-01],[-0.02281756  0.02156313 -0.14976101  0.98822367],[ 0.4961566  -0.10297902  0.03437347 -0.86141884],[ 0.77780573 -0.00623868  0.00504086 -0.62845359],[-5.67521773e-01  6.38906070e-07 -5.06590520e-07  8.23358389e-01],[-0.04721579  0.04159609 -0.29730415  0.95270703],[ 0.62967539 -0.12554854 -0.12204117 -0.75687015],[ 0.63217816 -0.01891926  0.02317113 -0.77424539],[-4.44493177e-01 -1.47442379e-08  3.57910432e-08  8.95782237e-01]
[-0.74913056 -0.3170977  -0.3668166   0.45132918],[-0.85132448  0.04607899  0.10070635  0.51281731],[-0.05648034  0.07850125  0.1802578   0.97885374],[ 0.27936813  0.76473558 -0.30073736 -0.49667895],[ 0.29786668 -0.01967002  0.0628886  -0.95233059],[-2.01057922e-01  4.29430124e-08 -4.48561225e-08  9.79579355e-01],[ 0.00162797 -0.01078592  0.14923578  0.98874147],[ 0.34511493  0.02217477  0.39458342 -0.85129777],[ 0.11055946 -0.01048389  0.09381969 -0.98937584],[-7.41389292e-02 -1.20678622e-08  3.49723873e-08  9.97247923e-01],[-6.61581763e-09 -9.12466602e-09  4.36311457e-09  1.00000000e+00],[ 0.00128342 -0.02747947  0.13002725 -0.99112872],[ 0.41367951  0.03772604 -0.08261292 -0.9058814 ],[-2.82664863e-01 -4.16177027e-08 -1.80634172e-10  9.59218732e-01],[-0.02281757  0.02156308 -0.14976099  0.98822368],[ 0.49495838 -0.10555712  0.03036449 -0.86194657],[ 0.77811969 -0.00947795  0.00764962 -0.62799793],[-5.67839681e-01  4.86454984e-07 -4.17501186e-07  8.23139172e-01],[-0.04721578  0.04159609 -0.29730417  0.95270702],[ 0.62911309 -0.12707073 -0.1241695  -0.75673753],[ 0.63229805 -0.02028442  0.02483241 -0.77406141],[-4.44621642e-01  1.22870955e-07 -1.47918397e-07  8.95718480e-01]
[-0.74916838 -0.31703973 -0.36685183  0.45127849],[-0.85086861  0.04646587  0.10126066  0.51342947],[-0.05668748  0.07868384  0.1805138   0.97877993],[ 0.28394497  0.76481094 -0.30006903 -0.49436631],[ 0.29462577 -0.02041007  0.06602633 -0.95311049],[-1.98869072e-01  1.04854956e-08 -7.35924475e-08  9.80026067e-01],[ 0.00162795 -0.01078593  0.14923577  0.98874147],[ 0.34625488  0.02213803  0.3971649  -0.84963375],[ 0.10935941 -0.01013686  0.09173884 -0.98970791],[-7.33174046e-02 -8.98006134e-09 -2.26415983e-08  9.97308657e-01],[-1.24512667e-08 -1.33108609e-08  6.42094100e-09  1.00000000e+00],[-2.72531644e-04 -2.71575339e-02  1.30966634e-01 -9.91014700e-01],[ 0.41495902  0.0381336  -0.08318758 -0.90522631],[-2.83596543e-01 -4.77186345e-08  2.79747518e-08  9.58943690e-01],[-0.02281758  0.02156312 -0.14976097  0.98822368],[ 0.49526434 -0.10520272  0.03146488 -0.86177467],[ 0.77808143 -0.00837015  0.00675655 -0.62807132],[-5.67792847e-01  4.58795128e-07 -3.94206515e-07  8.23171479e-01],[-0.04721579  0.04159606 -0.29730416  0.95270702],[ 0.62689422 -0.12505739 -0.1212262  -0.75938692],[ 0.6346023  -0.01858789  0.02262076 -0.77228408],[-4.46407249e-01  9.98777646e-09 -9.54954944e-09  8.94829910e-01]
[-0.74919058 -0.31700408 -0.36686029  0.45125981],[-0.8505886   0.04652477  0.10199954  0.51374173],[-0.05678537  0.07872104  0.18046049  0.97878109],[ 0.28264435  0.76470557 -0.30066746 -0.49491074],[ 0.29554208 -0.02022011  0.06519376 -0.95288814],[-1.99488427e-01  3.71279593e-09  3.78982172e-08  9.79900182e-01],[ 0.00162797 -0.01078593  0.14923578  0.98874147],[ 0.34563229  0.02281627  0.3982269  -0.84937216],[ 0.10998421 -0.01008937  0.09079351 -0.98972633],[-7.37309577e-02 -2.19598466e-08 -4.76174885e-08  9.97278169e-01],[-6.66916518e-09 -8.71159197e-09  3.94940993e-09  1.00000000e+00],[-0.00166824 -0.02701358  0.13210585 -0.99086605],[ 0.41592019  0.03862464 -0.08401433 -0.90468786],[-2.84308982e-01 -1.36729674e-08  2.87280043e-08  9.58732707e-01],[-0.02281756  0.02156309 -0.14976097  0.98822368],[ 0.49458554 -0.10416335  0.0327437  -0.862243  ],[ 0.77867197 -0.00729406  0.00587682 -0.62736132],[-5.68324687e-01  9.25050024e-08 -9.23463879e-08  8.22804381e-01],[-0.04721577  0.04159606 -0.29730417  0.95270702],[ 0.62732942 -0.12458573 -0.12069277 -0.75918999],[ 0.63412213 -0.01830022  0.02229938 -0.77269461],[-4.46019674e-01  1.43994084e-07 -1.88528970e-07  8.95023156e-01]
[-0.74921424 -0.31697201 -0.36691479  0.45119875],[-0.8501655   0.04642589  0.10259343  0.51433242],[-0.05729482  0.07858092  0.1806116   0.97873479],[ 0.2802087   0.76466611 -0.30102187 -0.49613975],[ 0.29732423 -0.01986578  0.06363787 -0.95244626],[-2.00694639e-01  5.39471071e-09 -1.78514421e-08  9.79653848e-01],[ 0.00162796 -0.01078593  0.14923576  0.98874147],[ 0.3452439   0.02341101  0.39796253 -0.84963781],[ 0.11041615 -0.01014148  0.09089877 -0.98966804],[-7.40221200e-02 -3.20810312e-09 -7.94363200e-08  9.97256600e-01],[-6.58593269e-09 -8.40524500e-09  3.83824600e-09  1.00000000e+00],[-9.13812311e-04 -2.71189201e-02  1.31125361e-01 -9.90994384e-01],[ 0.41524515  0.03826647 -0.08340557 -0.90506942],[-2.83807705e-01 -2.34301063e-08 -4.03590057e-08  9.58881216e-01],[-0.02281756  0.02156308 -0.14976096  0.98822368],[ 0.49392594 -0.10345763  0.03332252 -0.86268378],[ 0.77915874 -0.00675942  0.00543726 -0.62676663],[-5.68767038e-01  1.08918682e-07 -6.01270103e-08  8.22498667e-01],[-0.04721579  0.04159608 -0.29730417  0.95270702],[ 0.6267368  -0.12597584 -0.1227103  -0.75912664],[ 0.63401055 -0.01965608  0.02395593 -0.77270329],[-4.45963383e-01  1.54890921e-07 -1.91844713e-07  8.95051206e-01]
[-0.74930397 -0.3168421  -0.36705916  0.45102353],[-0.84877307  0.04663711  0.10458103  0.51620932],[-0.0578404   0.07839185  0.18048231  0.97874171],[ 0.28309689  0.76461913 -0.29981378 -0.49530337],[ 0.29491887 -0.02018934  0.06524506 -0.95307834],[-1.99059623e-01  5.72649764e-09  7.16102617e-08  9.79987381e-01],[ 0.00162798 -0.01078593  0.14923577  0.98874147],[ 0.34700601  0.02074906  0.39323652 -0.8511882 ],[ 0.1094591  -0.01053519  0.09522448 -0.98936344],[-7.34089690e-02  1.65845220e-08  3.35969695e-08  9.97301922e-01],[ 6.58443966e-10 -2.02213322e-08  5.26541744e-09  1.00000000e+00],[ 0.00112901 -0.02721647  0.13041897 -0.9910847 ],[ 0.41432663  0.03789739 -0.08282891 -0.90555872],[-2.83133767e-01 -4.52994713e-08 -4.55479818e-09  9.59080429e-01],[-0.02281755  0.02156309 -0.14976098  0.98822368],[ 0.49644728 -0.10574352  0.03007305 -0.86107724],[ 0.77738269 -0.00920444  0.0074467  -0.62891651],[-5.67161157e-01  3.96572800e-07 -3.14686791e-07  8.23606837e-01],[-0.04721577  0.04159605 -0.29730417  0.95270702],[ 0.62838315 -0.12550738 -0.12244392 -0.75788521],[ 0.6327618  -0.01933195  0.02363935 -0.77374412],[-4.44965490e-01 -8.14385715e-09  2.27778529e-08  8.95547717e-01]
[-0.74935735 -0.31675899 -0.36709978  0.45096016],[-0.84802161  0.0467984   0.10620968  0.51709647],[-0.05798858  0.07863195  0.18045023  0.9787196 ],[ 0.28292426  0.76469157 -0.29956869 -0.49543845],[ 0.29531819 -0.02012801  0.06495159 -0.95297603],[-1.99330522e-01  2.21126014e-08 -7.92186232e-08  9.79932316e-01],[ 0.00162798 -0.01078591  0.14923575  0.98874148],[ 0.34918504  0.02083373  0.39649288 -0.84878099],[ 0.10796681 -0.01001689  0.09183774 -0.98985285],[-7.23819351e-02  2.19954114e-08  3.42941316e-08  9.97376988e-01],[ 5.69230208e-09  5.58971570e-09 -2.94639797e-09  1.00000000e+00],[ 0.00389935 -0.02668568  0.13398608 -0.99061617],[ 0.41287951  0.03889229 -0.08533764 -0.90594447],[-2.82175501e-01 -6.26205365e-08  1.19370256e-08  9.59362802e-01],[-0.02281756  0.02156315 -0.149761    0.98822367],[ 0.4951499  -0.10364559  0.0334819  -0.86195309],[ 0.77864848 -0.00673979  0.00543084 -0.62740069],[-5.68298504e-01 -1.07012747e-07  1.36433240e-07  8.22822466e-01],[-0.04721578  0.04159606 -0.29730419  0.95270702],[ 0.6284818  -0.12492756 -0.12166741 -0.75802426],[ 0.6327409  -0.01894017  0.02316218 -0.77378533],[-4.44939523e-01  1.10392796e-07 -1.19560168e-07  8.95560618e-01]
[-0.74937693 -0.31672208 -0.36706386  0.45098277],[-0.84782437  0.04675604  0.10748337  0.51716055],[-0.05801877  0.07871274  0.18040772  0.97871915],[ 0.28079243  0.76458948 -0.30044433 -0.49627788],[ 0.29722909 -0.01984971  0.06360879 -0.95247823],[-2.00628560e-01 -4.71219633e-09  4.52405692e-08  9.79667383e-01],[ 0.00162797 -0.01078593  0.14923578  0.98874147],[ 0.35084094  0.02091278  0.39749139 -0.84762839],[ 0.10708403 -0.00984754  0.09104515 -0.99002364],[-7.17831445e-02 -2.65013806e-09  1.39305483e-08  9.97420263e-01],[ 8.03716200e-10 -1.89399749e-08  4.65845762e-09  1.00000000e+00],[ 0.00428047 -0.02682928  0.1339334  -0.99061784],[ 0.41302528  0.03871993 -0.08492751 -0.90592395],[-2.82267097e-01 -2.49170917e-08  3.73208844e-08  9.59335857e-01],[-0.02281756  0.02156309 -0.14976096  0.98822368],[ 0.49441561 -0.10386971  0.03245674 -0.86238672],[ 0.77896867 -0.00765968  0.00616538 -0.62698575],[-5.68600159e-01  1.41331019e-07 -9.56021231e-08  8.22614040e-01],[-0.04721576  0.04159606 -0.29730419  0.95270702],[ 0.62864026 -0.12557813 -0.12252923 -0.75764645],[ 0.63235384 -0.01947363  0.02383812 -0.77406792],[-4.44645680e-01 -2.74195604e-08  4.07223406e-09  8.95706548e-01]
[-0.74937693 -0.31672208 -0.36706386  0.45098277],[-0.84782437  0.04675604  0.10748337  0.51716055],[-0.05801877  0.07871274  0.18040772  0.97871915],[ 0.28079243  0.76458948 -0.30044433 -0.49627788],[ 0.29722909 -0.01984971  0.06360879 -0.95247823],[-2.00628560e-01 -4.71219633e-09  4.52405692e-08  9.79667383e-01],[ 0.00162797 -0.01078593  0.14923578  0.98874147],[ 0.35084094  0.02091278  0.39749139 -0.84762839],[ 0.10708403 -0.00984754  0.09104515 -0.99002364],[-7.17831445e-02 -2.65013806e-09  1.39305483e-08  9.97420263e-01],[ 8.03716200e-10 -1.89399749e-08  4.65845762e-09  1.00000000e+00],[ 0.00428047 -0.02682928  0.1339334  -0.99061784],[ 0.41302528  0.03871993 -0.08492751 -0.90592395],[-2.82267097e-01 -2.49170917e-08  3.73208844e-08  9.59335857e-01],[-0.02281756  0.02156309 -0.14976096  0.98822368],[ 0.49441561 -0.10386971  0.03245674 -0.86238672],[ 0.77896867 -0.00765968  0.00616538 -0.62698575],[-5.68600159e-01  1.41331019e-07 -9.56021231e-08  8.22614040e-01],[-0.04721576  0.04159606 -0.29730419  0.95270702],[ 0.62864026 -0.12557813 -0.12252923 -0.75764645],[ 0.63235384 -0.01947363  0.02383812 -0.77406792],[-4.44645680e-01 -2.74195604e-08  4.07223406e-09  8.95706548e-01]
[-0.74944408 -0.31661362 -0.36708354  0.45093133],[-0.84692701  0.04703264  0.10978058  0.51812238],[-0.0585897   0.07833002  0.18007204  0.97877766],[ 0.28408917  0.76439567 -0.29996633 -0.49498769],[ 0.29479428 -0.02053999  0.06640309 -0.95302942],[-1.98990733e-01 -2.81210421e-10 -5.55306384e-08  9.80001372e-01],[ 0.00162797 -0.01078591  0.14923577  0.98874147],[ 0.34845272  0.0221145   0.3955136  -0.84950612],[ 0.10979291 -0.01027986  0.09265398 -0.98957318],[-7.36152884e-02  5.27323660e-09  1.62400530e-08  9.97286714e-01],[ 5.90575677e-09  6.41420073e-09 -3.22469700e-09  1.00000000e+00],[ 0.00371302 -0.02683052  0.13111592 -0.99099695],[ 0.41410362  0.03761917 -0.08228011 -0.90572235],[-2.82957986e-01 -4.93635168e-08  2.77194140e-08  9.59132305e-01],[-0.02281755  0.02156316 -0.149761    0.98822368],[ 0.49518471 -0.10476823  0.03049429 -0.86190825],[ 0.77834386 -0.0085642   0.00690729 -0.62774181],[-5.68035522e-01  5.41575680e-10  1.23035516e-08  8.23004037e-01],[-0.04721577  0.04159611 -0.29730419  0.95270701],[ 0.6273022  -0.12458158 -0.12199233 -0.75900543],[ 0.63351884 -0.01862552  0.02273137 -0.77316897],[-4.45548779e-01  9.70633913e-08 -1.32023248e-07  8.95257664e-01]
[-0.74945239 -0.31660034 -0.36708685  0.45092415],[-0.84680311  0.04702085  0.11013321  0.51825111],[-0.0585334   0.07834825  0.18005035  0.97878356],[ 0.28441205  0.76464546 -0.29941645 -0.49474934],[ 0.29432447 -0.02046733  0.06628392 -0.95318447],[-1.98665161e-01 -2.05163095e-08  3.77508109e-08  9.80067423e-01],[ 0.00162798 -0.01078592  0.14923578  0.98874147],[ 0.34712185  0.02259514  0.39456767 -0.85047765],[ 0.1110665  -0.01049545  0.09349238 -0.98934991],[-7.44775971e-02  1.19070270e-08  4.01506655e-08  9.97222687e-01],[ 5.89496829e-09  6.49451922e-09 -3.25326127e-09  1.00000000e+00],[ 0.00397311 -0.02693472  0.13091554 -0.9910196 ],[ 0.41397066  0.0375785  -0.08222353 -0.90578996],[-2.82861321e-01 -4.06666687e-09  5.83245070e-08  9.59160817e-01],[-0.02281756  0.02156313 -0.14976098  0.98822368],[ 0.49383092 -0.10395826  0.03115433 -0.86275901],[ 0.77934226 -0.00797604  0.00641211 -0.62651489],[-5.68946101e-01  2.01672946e-07 -1.66090797e-07  8.22374814e-01],[-0.04721578  0.04159607 -0.29730416  0.95270702],[ 0.62755749 -0.12402453 -0.1212027  -0.75901213],[ 0.63334842 -0.01810975  0.02211284 -0.77333876],[-4.45401747e-01 -1.64998642e-08  2.30247104e-08  8.95330824e-01]
[-0.74951092 -0.31650724 -0.36711626  0.45086828],[-0.8459808   0.04731396  0.11198636  0.51916946],[-0.05826591  0.07833985  0.18015225  0.97878145],[ 0.28055502  0.76448351 -0.30040359 -0.49659998],[ 0.29743932 -0.01988456  0.06367019 -0.95240777],[-2.00774431e-01  1.24897754e-08 -4.81713974e-08  9.79637498e-01],[ 0.00162796 -0.01078593  0.14923577  0.98874147],[ 0.34544075  0.02396791  0.39680449 -0.85008378],[ 0.11225533 -0.01036647  0.09137064 -0.98941532],[-7.52620119e-02  1.72347024e-08 -3.38924444e-08  9.97163793e-01],[-1.24131869e-08 -1.16874700e-08  5.91033267e-09  1.00000000e+00],[ 0.00328353 -0.02727727  0.13082118 -0.99102522],[ 0.41448554  0.03755552 -0.08205151 -0.90557102],[-2.83224149e-01 -3.67999265e-08  2.76686757e-08  9.59053743e-01],[-0.02281756  0.02156309 -0.14976099  0.98822368],[ 0.49322423 -0.10250973  0.03325297 -0.86320093],[ 0.77988107 -0.00640346  0.00513891 -0.62587387],[-5.69427921e-01 -2.30279066e-08  3.20818830e-08  8.22041266e-01],[-0.04721578  0.04159608 -0.29730419  0.95270701],[ 0.62623882 -0.12601765 -0.12373991 -0.7593635 ],[ 0.63409901 -0.01998708  0.02435319 -0.77260979],[-4.46041742e-01 -6.98707415e-08  7.09986615e-08  8.95012159e-01]
[-0.74955447 -0.31643449 -0.36711065  0.45085151],[-0.84545549  0.04774541  0.11331909  0.51969623],[-0.05841695  0.07825606  0.18002311  0.97880291],[ 0.27927213  0.76424753 -0.30088573 -0.49739378],[ 0.29838947 -0.01976212  0.06306044 -0.95215364],[-2.01420857e-01 -3.18759843e-08  3.14235462e-08  9.79504792e-01],[ 0.00162796 -0.01078593  0.14923577  0.98874147],[ 0.34969458  0.02132151  0.39639521 -0.8486047 ],[ 0.10821503 -0.01007628  0.09216435 -0.98979478],[-7.25509976e-02  3.19888569e-08 -3.75264228e-09  9.97364704e-01],[-6.58389165e-09 -4.27290470e-09  2.11055800e-09  1.00000000e+00],[ 0.00534704 -0.02724229  0.13000488 -0.99112461],[ 0.41356852  0.03723867 -0.0815823  -0.90604564],[-2.82555067e-01 -2.38771664e-08 -6.23638887e-09  9.59251080e-01],[-0.02281756  0.02156311 -0.14976099  0.98822368],[ 0.49425242 -0.1030113   0.03206717 -0.86259777],[ 0.77897329 -0.00742026  0.00597253 -0.62698476],[-5.68602328e-01  3.78769419e-07 -2.93447457e-07  8.22612541e-01],[-0.04721578  0.04159608 -0.29730416  0.95270702],[ 0.62676105 -0.12665087 -0.12512578 -0.75859981],[ 0.63324947 -0.02078168  0.02537642 -0.77325239],[-4.45388405e-01  5.72831675e-08 -6.76236329e-08  8.95337461e-01]
[-0.74962431 -0.31631941 -0.3671138   0.45081358],[-0.84443561  0.04787234  0.11631776  0.52067929],[-0.05870856  0.07753126  0.17937866  0.97896144],[ 0.28488179  0.76457058 -0.29869479 -0.49503093],[ 0.29409097 -0.02059421  0.06675105 -0.95322121],[-1.98511173e-01 -3.03627780e-08  1.50621919e-08  9.80098625e-01],[ 0.00162798 -0.01078592  0.14923578  0.98874147],[ 0.34778779  0.02302168  0.39491387 -0.85003335],[ 0.11210113 -0.0104579   0.09229669 -0.98934589],[-7.51648956e-02  3.16602660e-08 -2.01890466e-08  9.97171118e-01],[0. 0. 0. 1.],[ 0.00642645 -0.02691211  0.1317664  -0.99089457],[ 0.41338592  0.03789088 -0.08304115 -0.90596939],[-2.82467861e-01 -1.36693247e-08  3.35064123e-08  9.59276763e-01],[-0.02281755  0.0215631  -0.149761    0.98822368],[ 0.4956078  -0.10233448  0.0317044  -0.8619138 ],[ 0.77805113 -0.00718011  0.00579674 -0.62813318],[-5.67754163e-01  2.94069458e-07 -2.36883230e-07  8.23198160e-01],[-0.04721578  0.04159606 -0.29730417  0.95270702],[ 0.62841008 -0.12193103 -0.11920553 -0.75896221],[ 0.63196623 -0.01680539  0.0205969  -0.77453989],[-4.44278016e-01  7.84516531e-08 -9.68156566e-08  8.95888969e-01]
[-0.74966485 -0.31625087 -0.36710315  0.45080292],[-0.84382824  0.04786101  0.11835963  0.52120459],[-0.05833165  0.07724491  0.1791943   0.97904037],[ 0.28079413  0.76439159 -0.29983534 -0.49694961],[ 0.29759911 -0.02012392  0.06439567 -0.95230405],[-2.00895079e-01  2.23305153e-08 -3.52463087e-08  9.79612764e-01],[ 0.00162798 -0.01078591  0.14923577  0.98874147],[ 0.34975461  0.02270266  0.39621714 -0.84862729],[ 0.11043311 -0.01018562  0.0912776  -0.98963083],[-7.40360700e-02 -7.17011500e-09  1.98818029e-09  9.97255564e-01],[-6.41218800e-09 -2.09770867e-09  1.71403691e-09  1.00000000e+00],[ 0.00846015 -0.02691502  0.13066558 -0.99102498],[ 0.41240847  0.03746664 -0.08235358 -0.90649511],[-2.81749186e-01 -2.11526052e-08 -1.49504068e-08  9.59488091e-01],[-0.02281756  0.02156309 -0.14976097  0.98822368],[ 0.49525178 -0.10115452  0.03395425 -0.86217199],[ 0.77831586 -0.00560291  0.00451963 -0.62783167],[-5.67985042e-01 -2.62000793e-07  2.31225677e-07  8.23038877e-01],[-0.04721578  0.04159606 -0.29730416  0.95270702],[ 0.62755802 -0.12537498 -0.12346165 -0.75842552],[ 0.63141408 -0.01987706  0.02439127 -0.77480722],[-4.43911410e-01 -1.36624226e-08  3.82472586e-08  8.96070678e-01]
[-0.74966485 -0.31625087 -0.36710315  0.45080292],[-0.84382824  0.04786101  0.11835963  0.52120459],[-0.05833165  0.07724491  0.1791943   0.97904037],[ 0.28079413  0.76439159 -0.29983534 -0.49694961],[ 0.29759911 -0.02012392  0.06439567 -0.95230405],[-2.00895079e-01  2.23305153e-08 -3.52463087e-08  9.79612764e-01],[ 0.00162798 -0.01078591  0.14923577  0.98874147],[ 0.34975461  0.02270266  0.39621714 -0.84862729],[ 0.11043311 -0.01018562  0.0912776  -0.98963083],[-7.40360700e-02 -7.17011500e-09  1.98818029e-09  9.97255564e-01],[-6.41218800e-09 -2.09770867e-09  1.71403691e-09  1.00000000e+00],[ 0.00846015 -0.02691502  0.13066558 -0.99102498],[ 0.41240847  0.03746664 -0.08235358 -0.90649511],[-2.81749186e-01 -2.11526052e-08 -1.49504068e-08  9.59488091e-01],[-0.02281756  0.02156309 -0.14976097  0.98822368],[ 0.49525178 -0.10115452  0.03395425 -0.86217199],[ 0.77831586 -0.00560291  0.00451963 -0.62783167],[-5.67985042e-01 -2.62000793e-07  2.31225677e-07  8.23038877e-01],[-0.04721578  0.04159606 -0.29730416  0.95270702],[ 0.62755802 -0.12537498 -0.12346165 -0.75842552],[ 0.63141408 -0.01987706  0.02439127 -0.77480722],[-4.43911410e-01 -1.36624226e-08  3.82472586e-08  8.96070678e-01]
[-0.74970914 -0.31617755 -0.36710179  0.45078181],[-0.84315049  0.04793901  0.12036481  0.52183466],[-0.05896377  0.07716986  0.17861943  0.97911347],[ 0.28168159  0.76368359 -0.29996726 -0.49745602],[ 0.29710851 -0.0205413   0.06584276 -0.95234937],[-2.00578088e-01  1.07657345e-08 -8.79519906e-08  9.79677718e-01],[ 0.00162796 -0.01078593  0.14923577  0.98874147],[ 0.35026607  0.02109706  0.39120566 -0.85078007],[ 0.11062524 -0.01067409  0.09544812 -0.98921068],[-7.41949154e-02  3.45805199e-08 -5.64167298e-08  9.97243759e-01],[-1.22140431e-08 -1.04157181e-08  5.71213400e-09  1.00000000e+00],[ 0.00829967 -0.02721807  0.12942836 -0.9911804 ],[ 0.41318306  0.03718555 -0.08155807 -0.90622584],[-2.82279015e-01 -2.25264530e-08  4.81703725e-08  9.59332350e-01],[-0.02281756  0.0215631  -0.14976099  0.98822368],[ 0.49538523 -0.10461819  0.02718776 -0.86192189],[ 0.77786054 -0.01067969  0.00862624 -0.62828697],[-5.67616309e-01 -6.14007963e-08  3.28876280e-08  8.23293220e-01],[-0.04721579  0.04159607 -0.29730417  0.95270702],[ 0.62733276 -0.12628806 -0.12561639 -0.75810649],[ 0.63110822 -0.02078335  0.02552205 -0.77499618],[-4.43692481e-01  4.41906048e-08 -9.18229361e-08  8.96179102e-01]
[-0.74973771 -0.31613727 -0.3671581   0.45071668],[-0.84260093  0.04799787  0.12109102  0.52254842],[-0.05945612  0.07709231  0.17847971  0.97911528],[ 0.28332264  0.76377382 -0.29950778 -0.49666177],[ 0.29602686 -0.02075341  0.06678463 -0.95261598],[-1.99846238e-01  1.48987012e-09 -4.05463970e-09  9.79827271e-01],[ 0.00162796 -0.01078594  0.14923577  0.98874147],[ 0.35056018  0.02235746  0.3938203  -0.84941938],[ 0.11086321 -0.01036738  0.09253043 -0.98946449],[-7.43341105e-02  1.59071076e-08  2.24621162e-08  9.97233393e-01],[-6.12818278e-09 -1.06733473e-09  1.55947086e-09  1.00000000e+00],[ 0.00904281 -0.02676245  0.13152238 -0.99091062],[ 0.41315471  0.03784698 -0.08300125 -0.90608034],[-2.82301433e-01  1.23518931e-08 -2.85799746e-08  9.59325753e-01],[-0.02281757  0.02156312 -0.14976099  0.98822368],[ 0.49397791 -0.10221271  0.02996009 -0.86292571],[ 0.77925002 -0.00850696  0.00684077 -0.6266181 ],[-5.68866588e-01  3.58135018e-07 -3.11749793e-07  8.22429818e-01],[-0.0472158   0.04159608 -0.29730415  0.95270703],[ 0.62660229 -0.12354657 -0.12230513 -0.75970209],[ 0.63227027 -0.0185807   0.02275158 -0.77419082],[-4.44558227e-01  6.39074939e-08 -1.01588681e-07  8.95749955e-01]
[-0.7497631  -0.31609768 -0.36717686  0.45068693],[-0.84213534  0.04792558  0.12226047  0.52303306],[-0.05948588  0.07702164  0.17853429  0.97910909],[ 0.28155209  0.76377802 -0.3001831  -0.49725412],[ 0.29741233 -0.02040516  0.06533563 -0.95229239],[-2.00780096e-01 -5.21053212e-09 -4.03121074e-08  9.79636337e-01],[ 0.00162797 -0.01078594  0.1492358   0.98874147],[ 0.35171387  0.02341115  0.3972086  -0.84733382],[ 0.10963795 -0.0099085   0.08946198 -0.98988782],[-7.34891711e-02 -2.09985650e-08  6.77860764e-08  9.97296015e-01],[-1.21958841e-08 -1.01061938e-08  5.64440484e-09  1.00000000e+00],[ 0.01043123 -0.02684836  0.13099185 -0.99096493],[ 0.41253806  0.03757051 -0.08254856 -0.90641411],[-2.81847511e-01 -2.03761824e-08  6.58780703e-08  9.59459212e-01],[-0.02281757  0.02156311 -0.14976099  0.98822368],[ 0.49319326 -0.10009008  0.03243798 -0.86353353],[ 0.77998235 -0.00664671  0.00533249 -0.62574349],[-5.69522870e-01  4.72743476e-07 -3.61842588e-07  8.21975487e-01],[-0.04721578  0.04159609 -0.29730419  0.95270701],[ 0.62851987 -0.12266023 -0.12111701 -0.75845099],[ 0.63071377 -0.01784105  0.02193682 -0.77550024],[-4.43309046e-01  1.56774066e-07 -1.94694968e-07  8.96368836e-01]
[-0.74980179 -0.31603994 -0.36722693  0.45062226],[-0.84141566  0.04799853  0.12356387  0.52387766],[-0.05983214  0.07696199  0.17849182  0.97910042],[ 0.28049932  0.76347063 -0.30081454 -0.49793909],[ 0.29816213 -0.02029252  0.0647986  -0.952097  ],[-2.01289314e-01  1.32003309e-08 -9.17781364e-08  9.79531833e-01],[ 0.00162795 -0.01078592  0.14923577  0.98874147],[ 0.3529651   0.0214309   0.39365458 -0.84852368],[ 0.10916365 -0.01030276  0.09339478 -0.98957292],[-7.31973184e-02 -2.39854531e-09  1.69749508e-08  9.97317478e-01],[-1.21918733e-08 -9.89899500e-09  5.58510926e-09  1.00000000e+00],[ 0.00740725 -0.0272074   0.1295651  -0.9911699 ],[ 0.41462994  0.03727206 -0.08140433 -0.90557504],[-2.83308267e-01 -4.31744299e-08 -8.82628897e-09  9.59028897e-01],[-0.02281758  0.02156311 -0.14976098  0.98822368],[ 0.49407268 -0.10119369  0.03116412 -0.86294891],[ 0.77915284 -0.00795086  0.00639574 -0.62675093],[-5.68772037e-01  6.38206930e-07 -5.11174244e-07  8.22495209e-01],[-0.04721579  0.04159607 -0.29730416  0.95270702],[ 0.6282953  -0.12486429 -0.12363185 -0.75787142],[ 0.63066411 -0.01981509  0.02436332 -0.77542026],[-4.43316375e-01  1.41988112e-07 -1.66206237e-07  8.96365211e-01]
[-0.74983318 -0.31599111 -0.36725217  0.45058368],[-0.84085514  0.04808032  0.12475881  0.52448657],[-0.05978448  0.07687925  0.17847984  0.97911202],[ 0.2819136   0.7640695  -0.29860113 -0.4975539 ],[ 0.29578881 -0.02024997  0.06522994 -0.95280847],[-1.99659061e-01 -1.57084821e-08  4.26359200e-08  9.79865429e-01],[ 0.00162799 -0.01078592  0.14923576  0.98874147],[ 0.35244186  0.02143318  0.39324594 -0.84893049],[ 0.11013378 -0.01044298  0.09381852 -0.98942386],[-7.38526309e-02  1.25589655e-08 -3.45830104e-08  9.97269166e-01],[ 6.03697137e-09  1.01583257e-08 -4.52200632e-09  1.00000000e+00],[ 0.00680841 -0.02717471  0.12918653 -0.99122451],[ 0.41512839  0.0372762  -0.08129581 -0.90535623],[-2.83661301e-01 -1.66259771e-08 -1.91962127e-08  9.58924536e-01],[-0.02281755  0.02156315 -0.14976101  0.98822367],[ 0.49559016 -0.10344439  0.02783956 -0.86192494],[ 0.77803276 -0.01038973  0.00838737 -0.62808179],[-5.67770564e-01  3.39257845e-07 -2.79475082e-07  8.23186848e-01],[-0.04721577  0.0415961  -0.29730417  0.95270702],[ 0.62679716 -0.1254114  -0.12436875 -0.75890033],[ 0.63204808 -0.02032897  0.02490328 -0.77426209],[-4.44424806e-01  9.91690514e-08 -1.28670381e-07  8.95816160e-01]
[-0.74989302 -0.31589552 -0.36728018  0.4505283 ],[-0.83983129  0.04838754  0.12705291  0.52554696],[-0.05963777  0.07693071  0.17842545  0.97912684],[ 0.28258004  0.76381201 -0.29923422 -0.49719072],[ 0.29618041 -0.02062309  0.06632962 -0.95260288],[-1.99945320e-01  7.92759679e-09  2.93048601e-08  9.79807057e-01],[ 0.00162799 -0.01078591  0.14923577  0.98874147],[ 0.35291529  0.02221751  0.39473209 -0.84802344],[ 0.11031677 -0.01028029  0.09221651 -0.98955578],[-7.39644549e-02  1.86993676e-08 -2.71360075e-08  9.97260878e-01],[ 5.9523570e-09  1.0682589e-08 -4.8086230e-09  1.0000000e+00],[ 0.01069236 -0.0271403   0.12904467 -0.99120964],[ 0.4130036   0.03719383 -0.08161863 -0.90630185],[-2.82152550e-01 -1.85630064e-08 -4.55139425e-09  9.59369553e-01],[-0.02281755  0.0215631  -0.14976099  0.98822368],[ 0.49476894 -0.10044746  0.03216924 -0.86260022],[ 0.7791023  -0.00696513  0.00560386 -0.62683306],[-5.68716937e-01  5.00435876e-07 -3.83261958e-07  8.22533309e-01],[-0.04721578  0.04159613 -0.29730419  0.95270701],[ 0.62648072 -0.12430026 -0.12332414 -0.75951465],[ 0.63238625 -0.01936173  0.02369929 -0.77404851],[-4.44668649e-01  1.22831522e-08  4.46478159e-08  8.95695145e-01]
[-0.74995833 -0.31579217 -0.3673177   0.45046146],[-0.83861126  0.04853635  0.12987664  0.52678974],[-0.05991102  0.07698881  0.17832904  0.97912315],[ 0.27988029  0.76333048 -0.30074549 -0.49854363],[ 0.29844406 -0.02034787  0.06490739 -0.95200007],[-2.01485374e-01  1.56020439e-08 -6.31288575e-08  9.79491523e-01],[ 0.00162798 -0.01078593  0.14923578  0.98874147],[ 0.35193474  0.02301436  0.3935069  -0.84897856],[ 0.11188419 -0.01055472  0.09332434 -0.98927301],[-7.50263364e-02  2.36198641e-08 -1.84400344e-08  9.97181553e-01],[0. 0. 0. 1.],[ 0.00936151 -0.0271199   0.12986838 -0.99111608],[ 0.41386969  0.0374554  -0.08198105 -0.90586317],[-2.82781991e-01 -5.01357377e-08  2.53529085e-08  9.59184208e-01],[-0.02281757  0.02156309 -0.14976098  0.98822368],[ 0.49469577 -0.10031802  0.03221086 -0.8626557 ],[ 0.77904525 -0.00729522  0.00587054 -0.62689778],[-5.68667268e-01  1.61382540e-07 -1.12769499e-07  8.22567650e-01],[-0.04721578  0.04159606 -0.29730417  0.95270702],[ 0.62763845 -0.12472515 -0.12417133 -0.75835024],[ 0.63093959 -0.0200438   0.02462606 -0.77518194],[-4.43540072e-01  8.29735147e-08 -9.32683240e-08  8.96254542e-01]
[-0.7499997  -0.315721   -0.36729681  0.4504595 ],[-0.83784759  0.04845821  0.13243186  0.5273756 ],[-0.06006972  0.07661742  0.17851461  0.97910874],[ 0.28128413  0.76377419 -0.29872397 -0.49828929],[ 0.29577419 -0.02026246  0.06527371 -0.95280974],[-1.99649634e-01  2.38589578e-08 -3.66154542e-08  9.79867350e-01],[ 0.00162797 -0.01078593  0.14923579  0.98874147],[ 0.35314346  0.02158977  0.39071066 -0.84980513],[ 0.11116176 -0.01072809  0.09546177 -0.98914864],[-7.45558989e-02  2.00438055e-08 -7.88372428e-08  9.97216836e-01],[-1.21665167e-08 -8.56552300e-09  5.15643200e-09  1.00000000e+00],[ 0.01485841 -0.02725761  0.12872242 -0.99119463],[ 0.41118015  0.03693708 -0.081491   -0.90715255],[-2.80846907e-01  1.06835198e-08 -4.84564202e-08  9.59752580e-01],[-0.02281758  0.02156309 -0.14976098  0.98822368],[ 0.49441578 -0.10222364  0.02723827 -0.86276384],[ 0.77923531 -0.01063554  0.00855216 -0.62658286],[-5.68877133e-01  3.91940081e-07 -3.08484285e-07  8.22422524e-01],[-0.04721578  0.04159607 -0.29730417  0.95270702],[ 0.62787222 -0.12511524 -0.12545459 -0.75788113],[ 0.63085311 -0.02049122  0.02518087 -0.7752228 ],[-4.43483065e-01  8.15618618e-08 -6.03645313e-08  8.96282752e-01]
[-0.75002771 -0.3156707  -0.36726618  0.45047308],[-0.8373563   0.04846672  0.13426395  0.52769176],[-0.06009794  0.07665719  0.1786794   0.97907384],[ 0.28405818  0.76337245 -0.2993288  -0.49696652],[ 0.29453896 -0.02088067  0.06756193 -0.95301951],[-1.98832113e-01  1.79696270e-08  1.78198979e-08  9.80033566e-01],[ 0.00162798 -0.01078591  0.14923577  0.98874147],[ 0.35403955  0.0224298   0.39284262 -0.84842653],[ 0.11132801 -0.01046027  0.09296098 -0.98937097],[-7.46497138e-02  2.83707077e-08 -5.77528128e-08  9.97209818e-01],[ 6.18371702e-09  1.23558832e-08 -5.55491686e-09  1.00000000e+00],[ 0.01370015 -0.02671003  0.13233516 -0.99075037],[ 0.41272271  0.03825078 -0.08398278 -0.90616982],[-2.82022239e-01 -3.16224401e-08 -6.90133901e-09  9.59407868e-01],[-0.02281756  0.02156313 -0.14976099  0.98822368],[ 0.49465992 -0.10052694  0.02890354 -0.86276908],[ 0.7797451  -0.00886314  0.00711557 -0.62599392],[-5.69325118e-01 -1.49988826e-07  1.16886536e-07  8.22112468e-01],[-0.04721578  0.04159606 -0.29730419  0.95270702],[ 0.62684418 -0.12318806 -0.12279467 -0.75948176],[ 0.63236881 -0.01881407  0.0230308  -0.77409644],[-4.44641765e-01  2.43949214e-09  1.75910271e-08  8.95708491e-01]
[-0.75006235 -0.31560541 -0.36720276  0.45051285],[-0.83684207  0.04875398  0.1363828   0.52793762],[-0.06012622  0.07661125  0.17871519  0.97906917],[ 0.28245449  0.76393293 -0.29844086 -0.49755301],[ 0.29496612 -0.02038721  0.06586962 -0.95301655],[-1.99101326e-01 -5.64311923e-09  6.68018038e-08  9.79978909e-01],[ 0.00162799 -0.01078591  0.14923577  0.98874147],[ 0.35430992  0.02329617  0.39279587 -0.84831195],[ 0.11186492 -0.01043024  0.09225035 -0.98937724],[-7.50057269e-02  2.49263356e-08 -8.14072867e-09  9.97183103e-01],[ 6.29933128e-09  1.27900215e-08 -5.80399329e-09  1.00000000e+00],[ 0.0135896  -0.02638185  0.13348709 -0.99060614],[ 0.4133076   0.03860818 -0.08461573 -0.90582913],[-2.82459372e-01  1.09388514e-08 -2.39689293e-08  9.59279262e-01],[-0.02281755  0.02156316 -0.14976099  0.98822368],[ 0.49336935 -0.09940039  0.02995932 -0.86360216],[ 0.78087908 -0.00775254  0.00620123 -0.62460332],[-5.70357236e-01  5.20888183e-08 -1.12091445e-08  8.21396752e-01],[-0.04721578  0.04159611 -0.29730419  0.95270701],[ 0.62453399 -0.12413295 -0.12384757 -0.76105853],[ 0.63407966 -0.01979104  0.02411598 -0.77263815],[-4.46021510e-01  9.24933290e-08 -8.37194882e-08  8.95022241e-01]
[-0.75009873 -0.31553745 -0.36714267  0.45054886],[-0.83634198  0.04936339  0.1381195   0.52822188],[-0.06014002  0.07663325  0.17876363  0.97905775],[ 0.27984722  0.76295987 -0.30100452 -0.498973  ],[ 0.29831163 -0.02055957  0.06561058 -0.95198883],[-2.01404445e-01  1.23987803e-08  1.92705650e-08  9.79508167e-01],[ 0.00162796 -0.01078591  0.14923578  0.98874147],[ 0.35547295  0.0230252   0.39296793 -0.84775293],[ 0.11122392 -0.01037298  0.09227796 -0.98944753],[-7.45748665e-02 -2.05685798e-09  6.07190617e-09  9.97215418e-01],[-1.20143689e-08 -7.83878847e-09  4.77704629e-09  1.00000000e+00],[ 0.01507939 -0.02669674  0.12949503 -0.99110591],[ 0.41277345  0.03715491 -0.08158865 -0.90641099],[-2.81987346e-01 -2.69190907e-08  5.00993113e-08  9.59418124e-01],[-0.02281757  0.02156311 -0.14976099  0.98822368],[ 0.49246285 -0.09864826  0.032025   -0.86413151],[ 0.78149543 -0.00628126  0.00501428 -0.62385919],[-5.70912660e-01  5.17345371e-07 -4.33510900e-07  8.21010801e-01],[-0.04721579  0.04159607 -0.29730419  0.95270701],[ 0.62685744 -0.12554935 -0.12621987 -0.75852202],[ 0.63148034 -0.02090401  0.0256446  -0.77468572],[-4.43990129e-01  8.13911979e-08 -1.10600948e-07  8.96031676e-01]
[-0.75013286 -0.31547145 -0.36706743  0.45059955],[-0.83591702  0.05008499  0.13975729  0.52839581],[-0.05981929  0.07682183  0.17861734  0.97908932],[ 0.28020408  0.763203   -0.29989984 -0.49906608],[ 0.29747705 -0.02047519  0.06554333 -0.9522564 ],[-2.00827831e-01  1.39500734e-08 -6.70665429e-08  9.79626553e-01],[ 0.00162798 -0.01078592  0.14923577  0.98874147],[ 0.35608583  0.02220506  0.39287234 -0.84756188],[ 0.11030411 -0.01032848  0.09265558 -0.98951567],[-7.39589855e-02  1.52128754e-08 -1.31771244e-08  9.97261284e-01],[ 1.20279861e-08  7.66458608e-09 -4.63942606e-09  1.00000000e+00],[ 0.0162061  -0.02673139  0.12936144 -0.99110464],[ 0.41228029  0.03710325 -0.08159316 -0.90663712],[-2.81635283e-01 -1.41671075e-08  6.73427961e-08  9.59521530e-01],[-0.02281755  0.02156313 -0.149761    0.98822368],[ 0.49539525 -0.09998606  0.03002803 -0.86237153],[ 0.77930497 -0.00766975  0.00616651 -0.62656756],[-5.68908966e-01 -2.02125846e-07  1.83960052e-07  8.22400503e-01],[-0.04721578  0.04159609 -0.29730417  0.95270702],[ 0.62679946 -0.12527351 -0.12604928 -0.7586439 ],[ 0.63129795 -0.02053128  0.02520025 -0.7748589 ],[-4.43836122e-01  1.07167707e-07 -6.30904835e-08  8.96107972e-01]
[-0.75016837 -0.31540254 -0.36698752  0.45065376],[-0.83535154  0.05048945  0.14210172  0.52862626],[-0.05948942  0.07680353  0.17882704  0.97907258],[ 0.28409467  0.76319338 -0.29954383 -0.49709111],[ 0.29518467 -0.02103349  0.06789167 -0.95279291],[-1.99282286e-01  2.21912227e-08 -6.70750341e-08  9.79942126e-01],[ 0.00162797 -0.01078593  0.14923578  0.98874147],[ 0.36087592  0.01943765  0.39284362 -0.84561495],[ 0.10584815 -0.00992718  0.09284818 -0.9899883 ],[-7.09645497e-02  2.22286384e-08 -4.18605948e-08  9.97478838e-01],[-1.19986785e-08 -7.35691152e-09  4.46561454e-09  1.00000000e+00],[ 0.01602246 -0.02670851  0.12960386 -0.99107657],[ 0.41249885  0.03734077 -0.08205812 -0.90648598],[-2.81805018e-01  1.33288944e-08  1.20187051e-09  9.59471694e-01],[-0.02281757  0.02156312 -0.14976097  0.98822368],[ 0.49469478 -0.10014061  0.02805838 -0.86282192],[ 0.77965061 -0.00896278  0.0071979  -0.62610925],[-5.69239244e-01 -2.70966630e-08  6.57887351e-08  8.22171930e-01],[-0.0472158   0.04159609 -0.29730417  0.95270702],[ 0.62735365 -0.12181481 -0.12167242 -0.75946322],[ 0.63129995 -0.01762068  0.02163284 -0.77503671],[-4.43768104e-01  3.14475303e-08 -1.77287402e-08  8.96141657e-01]
[-0.75016837 -0.31540254 -0.36698752  0.45065376],[-0.83535154  0.05048945  0.14210172  0.52862626],[-0.05948942  0.07680353  0.17882704  0.97907258],[ 0.28409467  0.76319338 -0.29954383 -0.49709111],[ 0.29518467 -0.02103349  0.06789167 -0.95279291],[-1.99282286e-01  2.21912227e-08 -6.70750341e-08  9.79942126e-01],[ 0.00162797 -0.01078593  0.14923578  0.98874147],[ 0.36087592  0.01943765  0.39284362 -0.84561495],[ 0.10584815 -0.00992718  0.09284818 -0.9899883 ],[-7.09645497e-02  2.22286384e-08 -4.18605948e-08  9.97478838e-01],[-1.19986785e-08 -7.35691152e-09  4.46561454e-09  1.00000000e+00],[ 0.01602246 -0.02670851  0.12960386 -0.99107657],[ 0.41249885  0.03734077 -0.08205812 -0.90648598],[-2.81805018e-01  1.33288944e-08  1.20187051e-09  9.59471694e-01],[-0.02281757  0.02156312 -0.14976097  0.98822368],[ 0.49469478 -0.10014061  0.02805838 -0.86282192],[ 0.77965061 -0.00896278  0.0071979  -0.62610925],[-5.69239244e-01 -2.70966630e-08  6.57887351e-08  8.22171930e-01],[-0.0472158   0.04159609 -0.29730417  0.95270702],[ 0.62735365 -0.12181481 -0.12167242 -0.75946322],[ 0.63129995 -0.01762068  0.02163284 -0.77503671],[-4.43768104e-01  3.14475303e-08 -1.77287402e-08  8.96141657e-01]
[-0.75016837 -0.31540254 -0.36698752  0.45065376],[-0.83535154  0.05048945  0.14210172  0.52862626],[-0.05948942  0.07680353  0.17882704  0.97907258],[ 0.28409467  0.76319338 -0.29954383 -0.49709111],[ 0.29518467 -0.02103349  0.06789167 -0.95279291],[-1.99282286e-01  2.21912227e-08 -6.70750341e-08  9.79942126e-01],[ 0.00162797 -0.01078593  0.14923578  0.98874147],[ 0.36087592  0.01943765  0.39284362 -0.84561495],[ 0.10584815 -0.00992718  0.09284818 -0.9899883 ],[-7.09645497e-02  2.22286384e-08 -4.18605948e-08  9.97478838e-01],[-1.19986785e-08 -7.35691152e-09  4.46561454e-09  1.00000000e+00],[ 0.01602246 -0.02670851  0.12960386 -0.99107657],[ 0.41249885  0.03734077 -0.08205812 -0.90648598],[-2.81805018e-01  1.33288944e-08  1.20187051e-09  9.59471694e-01],[-0.02281757  0.02156312 -0.14976097  0.98822368],[ 0.49469478 -0.10014061  0.02805838 -0.86282192],[ 0.77965061 -0.00896278  0.0071979  -0.62610925],[-5.69239244e-01 -2.70966630e-08  6.57887351e-08  8.22171930e-01],[-0.0472158   0.04159609 -0.29730417  0.95270702],[ 0.62735365 -0.12181481 -0.12167242 -0.75946322],[ 0.63129995 -0.01762068  0.02163284 -0.77503671],[-4.43768104e-01  3.14475303e-08 -1.77287402e-08  8.96141657e-01]
[-0.75016837 -0.31540254 -0.36698752  0.45065376],[-0.83535154  0.05048945  0.14210172  0.52862626],[-0.05948942  0.07680353  0.17882704  0.97907258],[ 0.28409467  0.76319338 -0.29954383 -0.49709111],[ 0.29518467 -0.02103349  0.06789167 -0.95279291],[-1.99282286e-01  2.21912227e-08 -6.70750341e-08  9.79942126e-01],[ 0.00162797 -0.01078593  0.14923578  0.98874147],[ 0.36087592  0.01943765  0.39284362 -0.84561495],[ 0.10584815 -0.00992718  0.09284818 -0.9899883 ],[-7.09645497e-02  2.22286384e-08 -4.18605948e-08  9.97478838e-01],[-1.19986785e-08 -7.35691152e-09  4.46561454e-09  1.00000000e+00],[ 0.01602246 -0.02670851  0.12960386 -0.99107657],[ 0.41249885  0.03734077 -0.08205812 -0.90648598],[-2.81805018e-01  1.33288944e-08  1.20187051e-09  9.59471694e-01],[-0.02281757  0.02156312 -0.14976097  0.98822368],[ 0.49469478 -0.10014061  0.02805838 -0.86282192],[ 0.77965061 -0.00896278  0.0071979  -0.62610925],[-5.69239244e-01 -2.70966630e-08  6.57887351e-08  8.22171930e-01],[-0.0472158   0.04159609 -0.29730417  0.95270702],[ 0.62735365 -0.12181481 -0.12167242 -0.75946322],[ 0.63129995 -0.01762068  0.02163284 -0.77503671],[-4.43768104e-01  3.14475303e-08 -1.77287402e-08  8.96141657e-01]
[-0.75016837 -0.31540254 -0.36698752  0.45065376],[-0.83535154  0.05048945  0.14210172  0.52862626],[-0.05948942  0.07680353  0.17882704  0.97907258],[ 0.28409467  0.76319338 -0.29954383 -0.49709111],[ 0.29518467 -0.02103349  0.06789167 -0.95279291],[-1.99282286e-01  2.21912227e-08 -6.70750341e-08  9.79942126e-01],[ 0.00162797 -0.01078593  0.14923578  0.98874147],[ 0.36087592  0.01943765  0.39284362 -0.84561495],[ 0.10584815 -0.00992718  0.09284818 -0.9899883 ],[-7.09645497e-02  2.22286384e-08 -4.18605948e-08  9.97478838e-01],[-1.19986785e-08 -7.35691152e-09  4.46561454e-09  1.00000000e+00],[ 0.01602246 -0.02670851  0.12960386 -0.99107657],[ 0.41249885  0.03734077 -0.08205812 -0.90648598],[-2.81805018e-01  1.33288944e-08  1.20187051e-09  9.59471694e-01],[-0.02281757  0.02156312 -0.14976097  0.98822368],[ 0.49469478 -0.10014061  0.02805838 -0.86282192],[ 0.77965061 -0.00896278  0.0071979  -0.62610925],[-5.69239244e-01 -2.70966630e-08  6.57887351e-08  8.22171930e-01],[-0.0472158   0.04159609 -0.29730417  0.95270702],[ 0.62735365 -0.12181481 -0.12167242 -0.75946322],[ 0.63129995 -0.01762068  0.02163284 -0.77503671],[-4.43768104e-01  3.14475303e-08 -1.77287402e-08  8.96141657e-01]
[-0.75016837 -0.31540254 -0.36698752  0.45065376],[-0.83535154  0.05048945  0.14210172  0.52862626],[-0.05948942  0.07680353  0.17882704  0.97907258],[ 0.28409467  0.76319338 -0.29954383 -0.49709111],[ 0.29518467 -0.02103349  0.06789167 -0.95279291],[-1.99282286e-01  2.21912227e-08 -6.70750341e-08  9.79942126e-01],[ 0.00162797 -0.01078593  0.14923578  0.98874147],[ 0.36087592  0.01943765  0.39284362 -0.84561495],[ 0.10584815 -0.00992718  0.09284818 -0.9899883 ],[-7.09645497e-02  2.22286384e-08 -4.18605948e-08  9.97478838e-01],[-1.19986785e-08 -7.35691152e-09  4.46561454e-09  1.00000000e+00],[ 0.01602246 -0.02670851  0.12960386 -0.99107657],[ 0.41249885  0.03734077 -0.08205812 -0.90648598],[-2.81805018e-01  1.33288944e-08  1.20187051e-09  9.59471694e-01],[-0.02281757  0.02156312 -0.14976097  0.98822368],[ 0.49469478 -0.10014061  0.02805838 -0.86282192],[ 0.77965061 -0.00896278  0.0071979  -0.62610925],[-5.69239244e-01 -2.70966630e-08  6.57887351e-08  8.22171930e-01],[-0.0472158   0.04159609 -0.29730417  0.95270702],[ 0.62735365 -0.12181481 -0.12167242 -0.75946322],[ 0.63129995 -0.01762068  0.02163284 -0.77503671],[-4.43768104e-01  3.14475303e-08 -1.77287402e-08  8.96141657e-01]
[-0.75016837 -0.31540254 -0.36698752  0.45065376],[-0.83535154  0.05048945  0.14210172  0.52862626],[-0.05948942  0.07680353  0.17882704  0.97907258],[ 0.28409467  0.76319338 -0.29954383 -0.49709111],[ 0.29518467 -0.02103349  0.06789167 -0.95279291],[-1.99282286e-01  2.21912227e-08 -6.70750341e-08  9.79942126e-01],[ 0.00162797 -0.01078593  0.14923578  0.98874147],[ 0.36087592  0.01943765  0.39284362 -0.84561495],[ 0.10584815 -0.00992718  0.09284818 -0.9899883 ],[-7.09645497e-02  2.22286384e-08 -4.18605948e-08  9.97478838e-01],[-1.19986785e-08 -7.35691152e-09  4.46561454e-09  1.00000000e+00],[ 0.01602246 -0.02670851  0.12960386 -0.99107657],[ 0.41249885  0.03734077 -0.08205812 -0.90648598],[-2.81805018e-01  1.33288944e-08  1.20187051e-09  9.59471694e-01],[-0.02281757  0.02156312 -0.14976097  0.98822368],[ 0.49469478 -0.10014061  0.02805838 -0.86282192],[ 0.77965061 -0.00896278  0.0071979  -0.62610925],[-5.69239244e-01 -2.70966630e-08  6.57887351e-08  8.22171930e-01],[-0.0472158   0.04159609 -0.29730417  0.95270702],[ 0.62735365 -0.12181481 -0.12167242 -0.75946322],[ 0.63129995 -0.01762068  0.02163284 -0.77503671],[-4.43768104e-01  3.14475303e-08 -1.77287402e-08  8.96141657e-01]
[-0.75016837 -0.31540254 -0.36698752  0.45065376],[-0.83535154  0.05048945  0.14210172  0.52862626],[-0.05948942  0.07680353  0.17882704  0.97907258],[ 0.28409467  0.76319338 -0.29954383 -0.49709111],[ 0.29518467 -0.02103349  0.06789167 -0.95279291],[-1.99282286e-01  2.21912227e-08 -6.70750341e-08  9.79942126e-01],[ 0.00162797 -0.01078593  0.14923578  0.98874147],[ 0.36087592  0.01943765  0.39284362 -0.84561495],[ 0.10584815 -0.00992718  0.09284818 -0.9899883 ],[-7.09645497e-02  2.22286384e-08 -4.18605948e-08  9.97478838e-01],[-1.19986785e-08 -7.35691152e-09  4.46561454e-09  1.00000000e+00],[ 0.01602246 -0.02670851  0.12960386 -0.99107657],[ 0.41249885  0.03734077 -0.08205812 -0.90648598],[-2.81805018e-01  1.33288944e-08  1.20187051e-09  9.59471694e-01],[-0.02281757  0.02156312 -0.14976097  0.98822368],[ 0.49469478 -0.10014061  0.02805838 -0.86282192],[ 0.77965061 -0.00896278  0.0071979  -0.62610925],[-5.69239244e-01 -2.70966630e-08  6.57887351e-08  8.22171930e-01],[-0.0472158   0.04159609 -0.29730417  0.95270702],[ 0.62735365 -0.12181481 -0.12167242 -0.75946322],[ 0.63129995 -0.01762068  0.02163284 -0.77503671],[-4.43768104e-01  3.14475303e-08 -1.77287402e-08  8.96141657e-01]
[-0.75016837 -0.31540254 -0.36698752  0.45065376],[-0.83535154  0.05048945  0.14210172  0.52862626],[-0.05948942  0.07680353  0.17882704  0.97907258],[ 0.28409467  0.76319338 -0.29954383 -0.49709111],[ 0.29518467 -0.02103349  0.06789167 -0.95279291],[-1.99282286e-01  2.21912227e-08 -6.70750341e-08  9.79942126e-01],[ 0.00162797 -0.01078593  0.14923578  0.98874147],[ 0.36087592  0.01943765  0.39284362 -0.84561495],[ 0.10584815 -0.00992718  0.09284818 -0.9899883 ],[-7.09645497e-02  2.22286384e-08 -4.18605948e-08  9.97478838e-01],[-1.19986785e-08 -7.35691152e-09  4.46561454e-09  1.00000000e+00],[ 0.01602246 -0.02670851  0.12960386 -0.99107657],[ 0.41249885  0.03734077 -0.08205812 -0.90648598],[-2.81805018e-01  1.33288944e-08  1.20187051e-09  9.59471694e-01],[-0.02281757  0.02156312 -0.14976097  0.98822368],[ 0.49469478 -0.10014061  0.02805838 -0.86282192],[ 0.77965061 -0.00896278  0.0071979  -0.62610925],[-5.69239244e-01 -2.70966630e-08  6.57887351e-08  8.22171930e-01],[-0.0472158   0.04159609 -0.29730417  0.95270702],[ 0.62735365 -0.12181481 -0.12167242 -0.75946322],[ 0.63129995 -0.01762068  0.02163284 -0.77503671],[-4.43768104e-01  3.14475303e-08 -1.77287402e-08  8.96141657e-01]
[-0.75016837 -0.31540254 -0.36698752  0.45065376],[-0.83535154  0.05048945  0.14210172  0.52862626],[-0.05948942  0.07680353  0.17882704  0.97907258],[ 0.28409467  0.76319338 -0.29954383 -0.49709111],[ 0.29518467 -0.02103349  0.06789167 -0.95279291],[-1.99282286e-01  2.21912227e-08 -6.70750341e-08  9.79942126e-01],[ 0.00162797 -0.01078593  0.14923578  0.98874147],[ 0.36087592  0.01943765  0.39284362 -0.84561495],[ 0.10584815 -0.00992718  0.09284818 -0.9899883 ],[-7.09645497e-02  2.22286384e-08 -4.18605948e-08  9.97478838e-01],[-1.19986785e-08 -7.35691152e-09  4.46561454e-09  1.00000000e+00],[ 0.01602246 -0.02670851  0.12960386 -0.99107657],[ 0.41249885  0.03734077 -0.08205812 -0.90648598],[-2.81805018e-01  1.33288944e-08  1.20187051e-09  9.59471694e-01],[-0.02281757  0.02156312 -0.14976097  0.98822368],[ 0.49469478 -0.10014061  0.02805838 -0.86282192],[ 0.77965061 -0.00896278  0.0071979  -0.62610925],[-5.69239244e-01 -2.70966630e-08  6.57887351e-08  8.22171930e-01],[-0.0472158   0.04159609 -0.29730417  0.95270702],[ 0.62735365 -0.12181481 -0.12167242 -0.75946322],[ 0.63129995 -0.01762068  0.02163284 -0.77503671],[-4.43768104e-01  3.14475303e-08 -1.77287402e-08  8.96141657e-01]
[-0.75016837 -0.31540254 -0.36698752  0.45065376],[-0.83535154  0.05048945  0.14210172  0.52862626],[-0.05948942  0.07680353  0.17882704  0.97907258],[ 0.28409467  0.76319338 -0.29954383 -0.49709111],[ 0.29518467 -0.02103349  0.06789167 -0.95279291],[-1.99282286e-01  2.21912227e-08 -6.70750341e-08  9.79942126e-01],[ 0.00162797 -0.01078593  0.14923578  0.98874147],[ 0.36087592  0.01943765  0.39284362 -0.84561495],[ 0.10584815 -0.00992718  0.09284818 -0.9899883 ],[-7.09645497e-02  2.22286384e-08 -4.18605948e-08  9.97478838e-01],[-1.19986785e-08 -7.35691152e-09  4.46561454e-09  1.00000000e+00],[ 0.01602246 -0.02670851  0.12960386 -0.99107657],[ 0.41249885  0.03734077 -0.08205812 -0.90648598],[-2.81805018e-01  1.33288944e-08  1.20187051e-09  9.59471694e-01],[-0.02281757  0.02156312 -0.14976097  0.98822368],[ 0.49469478 -0.10014061  0.02805838 -0.86282192],[ 0.77965061 -0.00896278  0.0071979  -0.62610925],[-5.69239244e-01 -2.70966630e-08  6.57887351e-08  8.22171930e-01],[-0.0472158   0.04159609 -0.29730417  0.95270702],[ 0.62735365 -0.12181481 -0.12167242 -0.75946322],[ 0.63129995 -0.01762068  0.02163284 -0.77503671],[-4.43768104e-01  3.14475303e-08 -1.77287402e-08  8.96141657e-01]
[-0.75016837 -0.31540254 -0.36698752  0.45065376],[-0.83535154  0.05048945  0.14210172  0.52862626],[-0.05948942  0.07680353  0.17882704  0.97907258],[ 0.28409467  0.76319338 -0.29954383 -0.49709111],[ 0.29518467 -0.02103349  0.06789167 -0.95279291],[-1.99282286e-01  2.21912227e-08 -6.70750341e-08  9.79942126e-01],[ 0.00162797 -0.01078593  0.14923578  0.98874147],[ 0.36087592  0.01943765  0.39284362 -0.84561495],[ 0.10584815 -0.00992718  0.09284818 -0.9899883 ],[-7.09645497e-02  2.22286384e-08 -4.18605948e-08  9.97478838e-01],[-1.19986785e-08 -7.35691152e-09  4.46561454e-09  1.00000000e+00],[ 0.01602246 -0.02670851  0.12960386 -0.99107657],[ 0.41249885  0.03734077 -0.08205812 -0.90648598],[-2.81805018e-01  1.33288944e-08  1.20187051e-09  9.59471694e-01],[-0.02281757  0.02156312 -0.14976097  0.98822368],[ 0.49469478 -0.10014061  0.02805838 -0.86282192],[ 0.77965061 -0.00896278  0.0071979  -0.62610925],[-5.69239244e-01 -2.70966630e-08  6.57887351e-08  8.22171930e-01],[-0.0472158   0.04159609 -0.29730417  0.95270702],[ 0.62735365 -0.12181481 -0.12167242 -0.75946322],[ 0.63129995 -0.01762068  0.02163284 -0.77503671],[-4.43768104e-01  3.14475303e-08 -1.77287402e-08  8.96141657e-01]
[-0.75016837 -0.31540254 -0.36698752  0.45065376],[-0.83535154  0.05048945  0.14210172  0.52862626],[-0.05948942  0.07680353  0.17882704  0.97907258],[ 0.28409467  0.76319338 -0.29954383 -0.49709111],[ 0.29518467 -0.02103349  0.06789167 -0.95279291],[-1.99282286e-01  2.21912227e-08 -6.70750341e-08  9.79942126e-01],[ 0.00162797 -0.01078593  0.14923578  0.98874147],[ 0.36087592  0.01943765  0.39284362 -0.84561495],[ 0.10584815 -0.00992718  0.09284818 -0.9899883 ],[-7.09645497e-02  2.22286384e-08 -4.18605948e-08  9.97478838e-01],[-1.19986785e-08 -7.35691152e-09  4.46561454e-09  1.00000000e+00],[ 0.01602246 -0.02670851  0.12960386 -0.99107657],[ 0.41249885  0.03734077 -0.08205812 -0.90648598],[-2.81805018e-01  1.33288944e-08  1.20187051e-09  9.59471694e-01],[-0.02281757  0.02156312 -0.14976097  0.98822368],[ 0.49469478 -0.10014061  0.02805838 -0.86282192],[ 0.77965061 -0.00896278  0.0071979  -0.62610925],[-5.69239244e-01 -2.70966630e-08  6.57887351e-08  8.22171930e-01],[-0.0472158   0.04159609 -0.29730417  0.95270702],[ 0.62735365 -0.12181481 -0.12167242 -0.75946322],[ 0.63129995 -0.01762068  0.02163284 -0.77503671],[-4.43768104e-01  3.14475303e-08 -1.77287402e-08  8.96141657e-01]
[-0.75016837 -0.31540254 -0.36698752  0.45065376],[-0.83535154  0.05048945  0.14210172  0.52862626],[-0.05948942  0.07680353  0.17882704  0.97907258],[ 0.28409467  0.76319338 -0.29954383 -0.49709111],[ 0.29518467 -0.02103349  0.06789167 -0.95279291],[-1.99282286e-01  2.21912227e-08 -6.70750341e-08  9.79942126e-01],[ 0.00162797 -0.01078593  0.14923578  0.98874147],[ 0.36087592  0.01943765  0.39284362 -0.84561495],[ 0.10584815 -0.00992718  0.09284818 -0.9899883 ],[-7.09645497e-02  2.22286384e-08 -4.18605948e-08  9.97478838e-01],[-1.19986785e-08 -7.35691152e-09  4.46561454e-09  1.00000000e+00],[ 0.01602246 -0.02670851  0.12960386 -0.99107657],[ 0.41249885  0.03734077 -0.08205812 -0.90648598],[-2.81805018e-01  1.33288944e-08  1.20187051e-09  9.59471694e-01],[-0.02281757  0.02156312 -0.14976097  0.98822368],[ 0.49469478 -0.10014061  0.02805838 -0.86282192],[ 0.77965061 -0.00896278  0.0071979  -0.62610925],[-5.69239244e-01 -2.70966630e-08  6.57887351e-08  8.22171930e-01],[-0.0472158   0.04159609 -0.29730417  0.95270702],[ 0.62735365 -0.12181481 -0.12167242 -0.75946322],[ 0.63129995 -0.01762068  0.02163284 -0.77503671],[-4.43768104e-01  3.14475303e-08 -1.77287402e-08  8.96141657e-01]
[-0.75016837 -0.31540254 -0.36698752  0.45065376],[-0.83535154  0.05048945  0.14210172  0.52862626],[-0.05948942  0.07680353  0.17882704  0.97907258],[ 0.28409467  0.76319338 -0.29954383 -0.49709111],[ 0.29518467 -0.02103349  0.06789167 -0.95279291],[-1.99282286e-01  2.21912227e-08 -6.70750341e-08  9.79942126e-01],[ 0.00162797 -0.01078593  0.14923578  0.98874147],[ 0.36087592  0.01943765  0.39284362 -0.84561495],[ 0.10584815 -0.00992718  0.09284818 -0.9899883 ],[-7.09645497e-02  2.22286384e-08 -4.18605948e-08  9.97478838e-01],[-1.19986785e-08 -7.35691152e-09  4.46561454e-09  1.00000000e+00],[ 0.01602246 -0.02670851  0.12960386 -0.99107657],[ 0.41249885  0.03734077 -0.08205812 -0.90648598],[-2.81805018e-01  1.33288944e-08  1.20187051e-09  9.59471694e-01],[-0.02281757  0.02156312 -0.14976097  0.98822368],[ 0.49469478 -0.10014061  0.02805838 -0.86282192],[ 0.77965061 -0.00896278  0.0071979  -0.62610925],[-5.69239244e-01 -2.70966630e-08  6.57887351e-08  8.22171930e-01],[-0.0472158   0.04159609 -0.29730417  0.95270702],[ 0.62735365 -0.12181481 -0.12167242 -0.75946322],[ 0.63129995 -0.01762068  0.02163284 -0.77503671],[-4.43768104e-01  3.14475303e-08 -1.77287402e-08  8.96141657e-01]
[-0.75016837 -0.31540254 -0.36698752  0.45065376],[-0.83535154  0.05048945  0.14210172  0.52862626],[-0.05948942  0.07680353  0.17882704  0.97907258],[ 0.28409467  0.76319338 -0.29954383 -0.49709111],[ 0.29518467 -0.02103349  0.06789167 -0.95279291],[-1.99282286e-01  2.21912227e-08 -6.70750341e-08  9.79942126e-01],[ 0.00162797 -0.01078593  0.14923578  0.98874147],[ 0.36087592  0.01943765  0.39284362 -0.84561495],[ 0.10584815 -0.00992718  0.09284818 -0.9899883 ],[-7.09645497e-02  2.22286384e-08 -4.18605948e-08  9.97478838e-01],[-1.19986785e-08 -7.35691152e-09  4.46561454e-09  1.00000000e+00],[ 0.01602246 -0.02670851  0.12960386 -0.99107657],[ 0.41249885  0.03734077 -0.08205812 -0.90648598],[-2.81805018e-01  1.33288944e-08  1.20187051e-09  9.59471694e-01],[-0.02281757  0.02156312 -0.14976097  0.98822368],[ 0.49469478 -0.10014061  0.02805838 -0.86282192],[ 0.77965061 -0.00896278  0.0071979  -0.62610925],[-5.69239244e-01 -2.70966630e-08  6.57887351e-08  8.22171930e-01],[-0.0472158   0.04159609 -0.29730417  0.95270702],[ 0.62735365 -0.12181481 -0.12167242 -0.75946322],[ 0.63129995 -0.01762068  0.02163284 -0.77503671],[-4.43768104e-01  3.14475303e-08 -1.77287402e-08  8.96141657e-01]
[-0.75016837 -0.31540254 -0.36698752  0.45065376],[-0.83535154  0.05048945  0.14210172  0.52862626],[-0.05948942  0.07680353  0.17882704  0.97907258],[ 0.28409467  0.76319338 -0.29954383 -0.49709111],[ 0.29518467 -0.02103349  0.06789167 -0.95279291],[-1.99282286e-01  2.21912227e-08 -6.70750341e-08  9.79942126e-01],[ 0.00162797 -0.01078593  0.14923578  0.98874147],[ 0.36087592  0.01943765  0.39284362 -0.84561495],[ 0.10584815 -0.00992718  0.09284818 -0.9899883 ],[-7.09645497e-02  2.22286384e-08 -4.18605948e-08  9.97478838e-01],[-1.19986785e-08 -7.35691152e-09  4.46561454e-09  1.00000000e+00],[ 0.01602246 -0.02670851  0.12960386 -0.99107657],[ 0.41249885  0.03734077 -0.08205812 -0.90648598],[-2.81805018e-01  1.33288944e-08  1.20187051e-09  9.59471694e-01],[-0.02281757  0.02156312 -0.14976097  0.98822368],[ 0.49469478 -0.10014061  0.02805838 -0.86282192],[ 0.77965061 -0.00896278  0.0071979  -0.62610925],[-5.69239244e-01 -2.70966630e-08  6.57887351e-08  8.22171930e-01],[-0.0472158   0.04159609 -0.29730417  0.95270702],[ 0.62735365 -0.12181481 -0.12167242 -0.75946322],[ 0.63129995 -0.01762068  0.02163284 -0.77503671],[-4.43768104e-01  3.14475303e-08 -1.77287402e-08  8.96141657e-01]
[-0.75057546 -0.31471695 -0.36690598  0.45052162],[-0.82519632  0.05518839  0.16541057  0.53725657],[-0.05946104  0.07658919  0.17947822  0.97897194],[-0.27929213 -0.76340421  0.30014765  0.49912053],[-0.29764667  0.02020901 -0.06465499  0.95226981],[-2.00931683e-01  8.51952799e-09 -4.56265957e-08  9.79605257e-01],[ 0.00162797 -0.01078591  0.14923575  0.98874148],[ 0.35523885  0.02197707  0.39101964 -0.84877913],[ 0.10772893 -0.01028451  0.09447577 -0.98962772],[-7.22401476e-02 -2.53323274e-08  2.09326132e-08  9.97387267e-01],[ 6.17763400e-09  1.90273300e-08 -1.00955351e-08  1.00000000e+00],[ 0.01363928 -0.02616125  0.12732785 -0.9914218 ],[ 0.41329129  0.03703386 -0.08120331 -0.90621456],[-2.82345937e-01 -4.45850565e-08  1.74739397e-08  9.59312656e-01],[-0.02281755  0.02156315 -0.149761    0.98822368],[ 0.49309136 -0.09802265  0.02942291 -0.86393678],[ 0.7807932  -0.0065909   0.00527355 -0.62473252],[-5.70268367e-01 -2.41197015e-07  1.88188440e-07  8.21458453e-01],[-0.04721578  0.04159612 -0.29730419  0.95270701],[ 0.6256141  -0.12565002 -0.1262036  -0.75953388],[ 0.62949166 -0.02048768  0.02526673 -0.77632603],[-4.42406215e-01 -7.89570366e-08  7.54634605e-08  8.96814775e-01]
[-0.75058466 -0.31470764 -0.36695345  0.45047412],[-0.82468072  0.05470519  0.16641539  0.5377871 ],[-0.0585032   0.0769917   0.18024231  0.97885768],[-0.28167424 -0.76361837  0.29944194  0.49787661],[-0.29553253  0.02062586 -0.06649725  0.95279232],[-1.99501120e-01  5.05116920e-08 -9.36279038e-08  9.79897598e-01],[ 0.00162799 -0.01078592  0.14923578  0.98874147],[ 0.35038119  0.02337717  0.39080703 -0.85085627],[ 0.1116938  -0.01065691  0.09438112 -0.98919317],[-7.49058865e-02 -2.42959721e-08  2.52141069e-08  9.97190608e-01],[ 5.95676459e-09  1.92582247e-08 -1.03199588e-08  1.00000000e+00],[ 0.01117739 -0.02678429  0.12590344 -0.99161787],[ 0.41450089  0.03666754 -0.08012605 -0.90577277],[-2.83178770e-01  1.30808072e-08 -2.13127182e-08  9.59067143e-01],[-0.02281755  0.02156312 -0.14976099  0.98822368],[ 0.49348708 -0.09918949  0.02872905 -0.86360094],[ 0.78051535 -0.00696951  0.00558162 -0.62507284],[-5.70015653e-01  2.15789750e-07 -1.69067186e-07  8.21633833e-01],[-0.04721578  0.04159613 -0.29730417  0.95270702],[ 0.62511552 -0.12573933 -0.12677392 -0.75983457],[ 0.62988591 -0.02013944  0.02481227 -0.77602996],[-4.42709004e-01  1.23498652e-08 -4.76917425e-08  8.96665343e-01]
[-0.75059676 -0.31468695 -0.36694855  0.4504724 ],[-0.82426959  0.05490419  0.16731586  0.53811763],[-0.05776632  0.07762714  0.18090952  0.97872817],[-0.28321167 -0.76398164  0.29848337  0.49702202],[-0.29394891  0.0207172  -0.06718249  0.95323205],[-1.98419709e-01 -1.10110048e-09 -4.01517730e-09  9.80117146e-01],[ 0.00162795 -0.01078594  0.14923578  0.98874147],[ 0.35266219  0.0225584   0.3934161  -0.84873098],[ 0.10902576 -0.0101568   0.09220071 -0.9897016 ],[-7.30962891e-02 -2.47582076e-08  4.48091195e-08  9.97324888e-01],[-1.24119229e-08 -3.76173382e-09  2.54247083e-09  1.00000000e+00],[ 0.0117257  -0.02646704  0.12977566 -0.99112072],[ 0.41374003  0.03788148 -0.08293524 -0.90581782],[-2.82717666e-01  6.36879751e-10 -4.40397986e-08  9.59203170e-01],[-0.02281757  0.02156311 -0.149761    0.98822368],[ 0.49327205 -0.09894939  0.02967691 -0.86371928],[ 0.78065823 -0.00618302  0.00494963 -0.62490799],[-5.70141070e-01 -2.23349363e-07  1.54031347e-07  8.21546810e-01],[-0.04721578  0.04159609 -0.29730419  0.95270701],[ 0.62357395 -0.1241535  -0.1244648  -0.7617414 ],[ 0.63120875 -0.01835857  0.02254283 -0.77506793],[-4.43712576e-01  1.95407187e-07 -1.93725702e-07  8.96169153e-01]
[-0.75064247 -0.3146286  -0.36708727  0.45032396],[-0.8222312   0.05461308  0.17060427  0.54022908],[-0.05893428  0.07824886  0.18099241  0.97859369],[-0.27958658 -0.76383808  0.30056572  0.49803913],[-0.29736939  0.02034888 -0.06516636  0.9523186 ],[-2.00747966e-01 -3.79483770e-09 -1.13618332e-08  9.79642922e-01],[ 0.00162798 -0.01078593  0.14923577  0.98874147],[ 0.35617823  0.0228846   0.39678406 -0.84568066],[ 0.10646056 -0.00973222  0.09051617 -0.99014052],[-7.13606187e-02 -1.56496644e-08  2.96281162e-08  9.97450581e-01],[-1.69992509e-09 -8.79065700e-09 -2.99238012e-09  1.00000000e+00],[ 0.01136223 -0.02604767  0.13055054 -0.9910343 ],[ 0.4136775   0.03777243 -0.08271387 -0.90587118],[-2.82666445e-01  3.71615628e-10 -5.55813101e-08  9.59218265e-01],[-0.02281756  0.02156311 -0.14976099  0.98822368],[ 0.4932334  -0.09822278  0.03083994 -0.86378354],[ 0.78012561 -0.00542391  0.00434964 -0.62558429],[-5.69645894e-01 -3.57417391e-08  8.49835531e-09  8.21890233e-01],[-0.04721578  0.04159607 -0.29730417  0.95270702],[ 0.62632447 -0.12312754 -0.12452261 -0.75963898],[ 0.62720357 -0.01808005  0.02243643 -0.77832217],[-4.40540496e-01  1.66309179e-07 -1.77768234e-07  8.97732739e-01]
[-0.75064247 -0.3146286  -0.36708727  0.45032396],[-0.8222312   0.05461308  0.17060427  0.54022908],[-0.05893428  0.07824886  0.18099241  0.97859369],[-0.27958658 -0.76383808  0.30056572  0.49803913],[-0.29736939  0.02034888 -0.06516636  0.9523186 ],[-2.00747966e-01 -3.79483770e-09 -1.13618332e-08  9.79642922e-01],[ 0.00162798 -0.01078593  0.14923577  0.98874147],[ 0.35617823  0.0228846   0.39678406 -0.84568066],[ 0.10646056 -0.00973222  0.09051617 -0.99014052],[-7.13606187e-02 -1.56496644e-08  2.96281162e-08  9.97450581e-01],[-1.69992509e-09 -8.79065700e-09 -2.99238012e-09  1.00000000e+00],[ 0.01136223 -0.02604767  0.13055054 -0.9910343 ],[ 0.4136775   0.03777243 -0.08271387 -0.90587118],[-2.82666445e-01  3.71615628e-10 -5.55813101e-08  9.59218265e-01],[-0.02281756  0.02156311 -0.14976099  0.98822368],[ 0.4932334  -0.09822278  0.03083994 -0.86378354],[ 0.78012561 -0.00542391  0.00434964 -0.62558429],[-5.69645894e-01 -3.57417391e-08  8.49835531e-09  8.21890233e-01],[-0.04721578  0.04159607 -0.29730417  0.95270702],[ 0.62632447 -0.12312754 -0.12452261 -0.75963898],[ 0.62720357 -0.01808005  0.02243643 -0.77832217],[-4.40540496e-01  1.66309179e-07 -1.77768234e-07  8.97732739e-01]
[-0.75069022 -0.31455605 -0.36714104  0.45025121],[-0.82006304  0.05489457  0.17478624  0.54215586],[-0.05959528  0.07899097  0.18129411  0.97843818],[-0.28308179 -0.7643165   0.29882821  0.49637354],[-0.29413095  0.02091782 -0.06778383  0.95312894],[-1.98554230e-01 -3.04909819e-08  4.03041074e-08  9.80089903e-01],[ 0.00162795 -0.01078593  0.14923578  0.98874147],[ 0.35628957  0.02134894  0.3920085  -0.84789817],[ 0.10744659 -0.01039214  0.09570824 -0.98953887],[-7.20589753e-02 -2.16167793e-08  4.21048631e-08  9.97400373e-01],[-1.23893305e-08 -2.78414536e-09  2.13377049e-09  1.00000000e+00],[ 0.01209329 -0.02508701  0.13150874 -0.99092373],[ 0.41338142  0.03795966 -0.08319131 -0.90595478],[-2.82469099e-01  5.11702457e-09  7.05251367e-09  9.59276398e-01],[-0.02281757  0.0215631  -0.14976098  0.98822368],[ 0.49340376 -0.09813793  0.03107382 -0.8636875 ],[ 0.77991883 -0.00492023  0.00394837 -0.62584889],[-5.69452743e-01  5.24336240e-07 -4.39238519e-07  8.22024071e-01],[-0.04721578  0.04159608 -0.29730419  0.95270701],[ 0.62535898 -0.12210592 -0.12366307 -0.76073894],[ 0.62753861 -0.0173392   0.0214992  -0.77809539],[-4.40788432e-01  9.29773668e-08 -1.16485209e-07  8.97611028e-01]
[-0.75069063 -0.31455445 -0.36713382  0.45025753],[-0.81994838  0.05460196  0.1753681   0.54217092],[-0.06011076  0.07901584  0.18118351  0.97842513],[-0.28356303 -0.76393647  0.29994568  0.49600975],[-0.2949149   0.02114972 -0.06833262  0.95284235],[-1.99103040e-01  3.43592376e-08 -6.11796938e-08  9.79978561e-01],[ 0.00162797 -0.01078592  0.14923577  0.98874147],[ 0.3559884   0.02257565  0.39370318 -0.84720741],[ 0.10829842 -0.01028526  0.09398437 -0.98961235],[-7.26196654e-02 -8.62221464e-09  1.19726389e-08  9.97359707e-01],[0. 0. 0. 1.],[ 0.01130099 -0.0250048   0.1315076  -0.99093532],[ 0.41389693  0.037852   -0.08283402 -0.90575664],[-2.82826771e-01 -1.19558087e-08 -5.29831505e-09  9.59171005e-01],[-0.02281756  0.02156311 -0.14976097  0.98822368],[ 0.4923571  -0.09760998  0.03161456 -0.86432477],[ 0.78057933 -0.00460173  0.00368468 -0.62502892],[-5.70058464e-01  1.74107441e-07 -1.16422022e-07  8.21604131e-01],[-0.04721577  0.04159607 -0.29730415  0.95270703],[ 0.62555382 -0.12170846 -0.12330907 -0.7606999 ],[ 0.62726991 -0.01728645  0.02144886 -0.77831458],[-4.40575170e-01  1.07002958e-07 -1.71434695e-07  8.97715723e-01]
[-0.75068772 -0.31455755 -0.36712049  0.45027108],[-0.81995094  0.05415684  0.17587125  0.5420487 ],[-0.06040718  0.07891871  0.18114179  0.97842244],[-0.28146863 -0.76377436  0.30036062  0.4971998 ],[-0.29634977  0.02080008 -0.06685437  0.95250967],[-2.00069987e-01 -1.70719623e-08  1.99216793e-08  9.79781608e-01],[ 0.00162796 -0.01078592  0.14923577  0.98874147],[ 0.35611877  0.02311517  0.39445229 -0.84678953],[ 0.10844313 -0.01021261  0.09320246 -0.9896712 ],[-7.27114912e-02 -7.17240413e-09  2.45223154e-08  9.97353016e-01],[-1.21931567e-08 -2.65001500e-09  2.20256924e-09  1.00000000e+00],[ 0.01036219 -0.02510584  0.12999558 -0.99114251],[ 0.41440571  0.03734504 -0.08161485 -0.90565572],[-2.83154217e-01 -2.62726024e-08  3.18166115e-08  9.59074392e-01],[-0.02281757  0.02156311 -0.14976099  0.98822368],[ 0.49304765 -0.09767854  0.03138633 -0.8639316 ],[ 0.78006881 -0.00470761  0.00377583 -0.62566463],[-5.69589435e-01 -4.71810270e-08  5.56311059e-08  8.21929362e-01],[-0.04721579  0.04159608 -0.29730416  0.95270702],[ 0.62510505 -0.12269279 -0.12467861 -0.76068745],[ 0.62739666 -0.01833873  0.0227454  -0.77815151],[-4.40698855e-01  6.23460277e-08 -5.33149733e-08  8.97655011e-01]
[-0.75068423 -0.31456065 -0.36709877  0.45029243],[-0.82002115  0.05382913  0.1762347   0.54185706],[-0.06075387  0.0787491   0.18116501  0.97841034],[-0.2799883  -0.76421159  0.29926592  0.4980232 ],[-0.29598189  0.02031287 -0.06538511  0.95273653],[-1.99794454e-01 -5.82325910e-09 -5.51230374e-08  9.79837832e-01],[ 0.00162796 -0.01078591  0.14923579  0.98874147],[ 0.35284615  0.02376563  0.39220576 -0.84918162],[ 0.11191832 -0.01073275  0.09485528 -0.98912162],[-7.50603495e-02  1.55140388e-09  1.00092299e-08  9.97178993e-01],[-1.20898935e-08 -2.59476063e-09  2.22950600e-09  1.00000000e+00],[ 0.01093994 -0.02548042  0.12801362 -0.99138468],[ 0.41397716  0.0367317  -0.08038707 -0.90598654],[-2.82812180e-01 -9.68733709e-09  7.66029686e-08  9.59175308e-01],[-0.02281756  0.0215631  -0.14976099  0.98822368],[ 0.49268841 -0.09938214  0.027747   -0.86406679],[ 0.7801233  -0.00724571  0.00581008 -0.62555686],[-5.69657405e-01  3.11576703e-07 -2.33709857e-07  8.21882255e-01],[-0.0472158   0.04159606 -0.29730417  0.95270702],[ 0.62379082 -0.12554518 -0.12886317 -0.76060351],[ 0.62810708 -0.02090711  0.02587701 -0.77741545],[-4.41323138e-01  1.08911885e-07 -1.43947823e-07  8.97348253e-01]
[-0.75070024 -0.31454922 -0.36721927  0.45017546],[-0.81902761  0.05332135  0.17737861  0.54303539],[-0.06104761  0.07841501  0.18129987  0.9783939 ],[-0.28465547 -0.76384139  0.29900768  0.49609677],[-0.29356647  0.02121786 -0.0688944   0.95321671],[-1.98182043e-01  1.08579553e-08 -3.35735195e-08  9.80165230e-01],[ 0.00162796 -0.01078592  0.14923577  0.98874147],[ 0.35364441  0.02382952  0.39417384 -0.84793559],[ 0.11100959 -0.01043241  0.09298192 -0.98940507],[-7.44356639e-02  1.77887858e-08 -2.57307279e-08  9.97225818e-01],[-1.21268453e-08 -2.32060948e-09  2.22625118e-09  1.00000000e+00],[ 0.01392598 -0.02533808  0.13011865 -0.99107678],[ 0.41204552  0.03735662 -0.08220078 -0.90667856],[-2.81485493e-01 -5.64418694e-09 -1.40563067e-08  9.59565484e-01],[-0.02281757  0.0215631  -0.14976099  0.98822368],[ 0.4927137  -0.09773992  0.02894362 -0.86420043],[ 0.78048008 -0.00547155  0.00438267 -0.62514134],[-5.69972236e-01  2.04999053e-08 -4.53305866e-10  8.21663952e-01],[-0.04721578  0.04159605 -0.29730416  0.95270703],[ 0.62612628 -0.12066733 -0.12264652 -0.76050188],[ 0.62663206 -0.01630042  0.02026087 -0.77888128],[-4.40051032e-01 -3.72150545e-08  4.51638461e-08  8.97972766e-01]
[-0.75071893 -0.31452263 -0.36725438  0.45013423],[-0.81810077  0.05356961  0.17887071  0.54391791],[-0.0607162   0.07839987  0.18122967  0.97842875],[-0.28207246 -0.76358163  0.299774    0.49750756],[-0.29566455  0.020772   -0.06693286  0.95271769],[-1.99598667e-01  1.31888358e-08 -9.07465523e-09  9.79877733e-01],[ 0.00162796 -0.01078593  0.14923577  0.98874147],[ 0.35255099  0.02487492  0.39620475 -0.84741421],[ 0.11183383 -0.0103252   0.09135337 -0.98946508],[-7.49784742e-02 -1.45194761e-08  4.01679015e-09  9.97185153e-01],[-1.22283319e-08 -2.07180751e-09  2.13783313e-09  1.00000000e+00],[ 0.01269913 -0.02551945  0.12993104 -0.99111322],[ 0.41287887  0.03737474 -0.08204127 -0.90631308],[-2.82075982e-01  3.84228975e-08 -5.71073214e-08  9.59392068e-01],[-0.02281757  0.02156313 -0.149761    0.98822368],[ 0.49275398 -0.09709363  0.02965509 -0.8642262 ],[ 0.78059115 -0.00468796  0.0037538  -0.62501311],[-5.70069784e-01  3.43531890e-07 -2.63620527e-07  8.21596277e-01],[-0.04721578  0.04159604 -0.29730415  0.95270703],[ 0.6249118  -0.12209726 -0.12402167 -0.76104936],[ 0.62730044 -0.0176165   0.02185643 -0.77827123],[-4.40606491e-01  1.18274711e-07 -1.43402244e-07  8.97700351e-01]
[-0.75071893 -0.31452263 -0.36725438  0.45013423],[-0.81810077  0.05356961  0.17887071  0.54391791],[-0.0607162   0.07839987  0.18122967  0.97842875],[-0.28207246 -0.76358163  0.299774    0.49750756],[-0.29566455  0.020772   -0.06693286  0.95271769],[-1.99598667e-01  1.31888358e-08 -9.07465523e-09  9.79877733e-01],[ 0.00162796 -0.01078593  0.14923577  0.98874147],[ 0.35255099  0.02487492  0.39620475 -0.84741421],[ 0.11183383 -0.0103252   0.09135337 -0.98946508],[-7.49784742e-02 -1.45194761e-08  4.01679015e-09  9.97185153e-01],[-1.22283319e-08 -2.07180751e-09  2.13783313e-09  1.00000000e+00],[ 0.01269913 -0.02551945  0.12993104 -0.99111322],[ 0.41287887  0.03737474 -0.08204127 -0.90631308],[-2.82075982e-01  3.84228975e-08 -5.71073214e-08  9.59392068e-01],[-0.02281757  0.02156313 -0.149761    0.98822368],[ 0.49275398 -0.09709363  0.02965509 -0.8642262 ],[ 0.78059115 -0.00468796  0.0037538  -0.62501311],[-5.70069784e-01  3.43531890e-07 -2.63620527e-07  8.21596277e-01],[-0.04721578  0.04159604 -0.29730415  0.95270703],[ 0.6249118  -0.12209726 -0.12402167 -0.76104936],[ 0.62730044 -0.0176165   0.02185643 -0.77827123],[-4.40606491e-01  1.18274711e-07 -1.43402244e-07  8.97700351e-01]
[-0.75074999 -0.3144722  -0.3672634   0.4501103 ],[-0.81645687  0.05418831  0.18202292  0.54527925],[-0.06133423  0.0781816   0.18085295  0.97847737],[-0.28049735 -0.76324083  0.30009714  0.49872475],[-0.29650255  0.02064991 -0.06633722  0.95250155],[-2.00167534e-01  4.34579193e-08 -1.17179743e-07  9.79761684e-01],[ 0.00162797 -0.01078591  0.14923577  0.98874147],[ 0.35390269  0.02202672  0.39035686 -0.84964065],[ 0.11081471 -0.01076004  0.09604442 -0.98913083],[-7.43266866e-02 -2.70124038e-08  2.76345772e-08  9.97233946e-01],[0. 0. 0. 1.],[ 0.01398082 -0.02573572  0.13149863 -0.9908836 ],[ 0.41208316  0.03776198 -0.08307461 -0.90656501],[-2.81538216e-01 -4.25712824e-09 -3.60126384e-08  9.59550016e-01],[-0.02281756  0.02156313 -0.14976099  0.98822368],[ 0.49318914 -0.09882715  0.02674195 -0.86387646],[ 0.78029879 -0.0064286   0.00515219 -0.62535264],[-5.69812220e-01  3.94254229e-07 -3.28491365e-07  8.21774929e-01],[-0.04721578  0.04159608 -0.29730417  0.95270702],[ 0.62559655 -0.12439886 -0.12723351 -0.75958246],[ 0.62631227 -0.01959931  0.02437565 -0.77894456],[-4.39873282e-01  7.01684168e-08 -1.16813211e-07  8.98059851e-01]
[-0.75076    -0.31445356 -0.36724771  0.45011944],[-0.81587302  0.05442772  0.18335318  0.54568348],[-0.06132782  0.07811586  0.18086039  0.97848165],[-0.28499891 -0.76340403  0.29887708  0.49665118],[-0.29351528  0.02140306 -0.06950612  0.95318392],[-1.98156218e-01 -1.50130204e-08  2.75119154e-08  9.80170451e-01],[ 0.00162798 -0.01078592  0.14923577  0.98874147],[ 0.35548885  0.02106514  0.39232372 -0.84809553],[ 0.10888449 -0.01035413  0.09409785 -0.98953653],[-7.30145336e-02  5.37291953e-09  3.10346773e-08  9.97330877e-01],[ 6.03551936e-09  2.31059150e-08 -1.21159463e-08  1.00000000e+00],[ 0.01332459 -0.02564711  0.12977246 -0.99112249],[ 0.41261509  0.03725123 -0.08183566 -0.90645687],[-2.81881455e-01 -2.78101314e-08  7.88989361e-08  9.59449241e-01],[-0.02281756  0.02156313 -0.14976099  0.98822368],[ 0.4928894  -0.09847457  0.02667857 -0.86408972],[ 0.78072287 -0.0060486   0.00484073 -0.6248294 ],[-5.70199586e-01 -1.53158179e-07  1.15171269e-07  8.21506197e-01],[-0.04721579  0.04159611 -0.29730417  0.95270702],[ 0.62572274 -0.12263447 -0.12485317 -0.7601602 ],[ 0.62667914 -0.01789493  0.02223759 -0.77875447],[-4.40122516e-01  3.77127534e-08 -8.66846031e-09  8.97937732e-01]
[-0.75076    -0.31445356 -0.36724771  0.45011944],[-0.81587302  0.05442772  0.18335318  0.54568348],[-0.06132782  0.07811586  0.18086039  0.97848165],[-0.28499891 -0.76340403  0.29887708  0.49665118],[-0.29351528  0.02140306 -0.06950612  0.95318392],[-1.98156218e-01 -1.50130204e-08  2.75119154e-08  9.80170451e-01],[ 0.00162798 -0.01078592  0.14923577  0.98874147],[ 0.35548885  0.02106514  0.39232372 -0.84809553],[ 0.10888449 -0.01035413  0.09409785 -0.98953653],[-7.30145336e-02  5.37291953e-09  3.10346773e-08  9.97330877e-01],[ 6.03551936e-09  2.31059150e-08 -1.21159463e-08  1.00000000e+00],[ 0.01332459 -0.02564711  0.12977246 -0.99112249],[ 0.41261509  0.03725123 -0.08183566 -0.90645687],[-2.81881455e-01 -2.78101314e-08  7.88989361e-08  9.59449241e-01],[-0.02281756  0.02156313 -0.14976099  0.98822368],[ 0.4928894  -0.09847457  0.02667857 -0.86408972],[ 0.78072287 -0.0060486   0.00484073 -0.6248294 ],[-5.70199586e-01 -1.53158179e-07  1.15171269e-07  8.21506197e-01],[-0.04721579  0.04159611 -0.29730417  0.95270702],[ 0.62572274 -0.12263447 -0.12485317 -0.7601602 ],[ 0.62667914 -0.01789493  0.02223759 -0.77875447],[-4.40122516e-01  3.77127534e-08 -8.66846031e-09  8.97937732e-01]
[-0.75076    -0.31445356 -0.36724771  0.45011944],[-0.81587302  0.05442772  0.18335318  0.54568348],[-0.06132782  0.07811586  0.18086039  0.97848165],[-0.28499891 -0.76340403  0.29887708  0.49665118],[-0.29351528  0.02140306 -0.06950612  0.95318392],[-1.98156218e-01 -1.50130204e-08  2.75119154e-08  9.80170451e-01],[ 0.00162798 -0.01078592  0.14923577  0.98874147],[ 0.35548885  0.02106514  0.39232372 -0.84809553],[ 0.10888449 -0.01035413  0.09409785 -0.98953653],[-7.30145336e-02  5.37291953e-09  3.10346773e-08  9.97330877e-01],[ 6.03551936e-09  2.31059150e-08 -1.21159463e-08  1.00000000e+00],[ 0.01332459 -0.02564711  0.12977246 -0.99112249],[ 0.41261509  0.03725123 -0.08183566 -0.90645687],[-2.81881455e-01 -2.78101314e-08  7.88989361e-08  9.59449241e-01],[-0.02281756  0.02156313 -0.14976099  0.98822368],[ 0.4928894  -0.09847457  0.02667857 -0.86408972],[ 0.78072287 -0.0060486   0.00484073 -0.6248294 ],[-5.70199586e-01 -1.53158179e-07  1.15171269e-07  8.21506197e-01],[-0.04721579  0.04159611 -0.29730417  0.95270702],[ 0.62572274 -0.12263447 -0.12485317 -0.7601602 ],[ 0.62667914 -0.01789493  0.02223759 -0.77875447],[-4.40122516e-01  3.77127534e-08 -8.66846031e-09  8.97937732e-01]
[-0.75078818 -0.31439037 -0.36711753  0.45022275],[-0.81404697  0.05560096  0.18815241  0.54665778],[-0.06076075  0.07775969  0.18099804  0.97851994],[-0.28339337 -0.76332922  0.29850794  0.49790532],[-0.29413126  0.0212265  -0.06877879  0.95305074],[-1.98569638e-01  1.78895603e-08 -3.86277645e-08  9.80086781e-01],[ 0.00162798 -0.01078592  0.14923578  0.98874147],[ 0.35231881  0.02310592  0.39345635 -0.84884019],[ 0.11185975 -0.01050643  0.09292172 -0.98931419],[-7.50070304e-02  1.49297820e-09  9.20720505e-09  9.97183005e-01],[ 1.22293733e-08  6.99696216e-10 -1.53684382e-09  1.00000000e+00],[ 0.0109149  -0.02634056  0.12940859 -0.99118134],[ 0.4137308   0.03739436 -0.08188157 -0.90593813],[-2.82679777e-01 -1.33685885e-08  4.44954717e-08  9.59214337e-01],[-0.02281754  0.02156313 -0.14976099  0.98822368],[ 0.49258798 -0.09840522  0.02726979 -0.86425104],[ 0.78110029 -0.00532605  0.00425732 -0.62436836],[-5.70542118e-01  2.31948284e-08  4.66998319e-09  8.21268343e-01],[-0.04721577  0.0415961  -0.29730417  0.95270702],[ 0.62433659 -0.12268421 -0.12466682 -0.76132161],[ 0.62806236 -0.01761203  0.02180698 -0.77765799],[-4.41207983e-01  1.10027610e-07 -1.56989344e-07  8.97404878e-01]
[-0.75079266 -0.31438282 -0.36711677  0.45022116],[-0.81367092  0.05565083  0.18895037  0.54693728],[-0.06131629  0.077863    0.18083304  0.97850758],[-0.28290596 -0.76354056  0.2980197   0.49815087],[-0.2942855   0.02108218 -0.06827446  0.95304259],[-1.98668221e-01  2.49912081e-08 -3.25896180e-08  9.80066803e-01],[ 0.00162798 -0.01078593  0.14923576  0.98874147],[ 0.3526853   0.02226668  0.39161521 -0.84956153],[ 0.1111721  -0.01064627  0.09473223 -0.98921849],[-7.45575552e-02  5.03002935e-09 -3.91587306e-08  9.97216712e-01],[ 1.08502380e-08 -1.49907953e-09 -7.36325934e-09  1.00000000e+00],[ 0.00945878 -0.02600537  0.13035018 -0.99108177],[ 0.41466542  0.03775411 -0.08243808 -0.90544529],[-2.83364207e-01 -3.18823667e-09 -2.49355549e-08  9.59012370e-01],[-0.02281754  0.02156312 -0.14976099  0.98822368],[ 0.49313161 -0.09765442  0.02914965 -0.86396477],[ 0.78084322 -0.00388986  0.00311216 -0.62470717],[-5.70297713e-01  1.16141370e-06 -9.34861850e-07  8.21438079e-01],[-0.04721577  0.04159611 -0.29730417  0.95270702],[ 0.62333708 -0.12230633 -0.12414498 -0.76228608],[ 0.62875413 -0.01754838  0.02168877 -0.77710353],[-4.41753107e-01 -2.49096826e-08  1.89255882e-09  8.97136663e-01]
[-0.75079468 -0.31437907 -0.36711374  0.45022289],[-0.81344852  0.05553657  0.18955793  0.54706945],[-0.0611767   0.07787559  0.1807959   0.97852217],[-0.28182299 -0.763254    0.299078    0.49856944],[-0.29558745  0.02108967 -0.06797086  0.95266114],[-1.99561212e-01 -4.55414910e-09  1.21490145e-08  9.79885362e-01],[ 0.00162799 -0.0107859   0.14923576  0.98874147],[ 0.35321938  0.02251415  0.39315149 -0.84862305],[ 0.11030495 -0.01040111  0.09330045 -0.98945422],[-7.39640970e-02 -2.47551376e-08  7.85396775e-08  9.97260905e-01],[ 1.0834377e-08 -1.3625141e-09 -7.3963915e-09  1.0000000e+00],[ 0.00917995 -0.02587851  0.13186301 -0.99088757],[ 0.41455683  0.0381889  -0.08340389 -0.90538833],[-2.83315552e-01 -8.81881841e-09  2.14799530e-08  9.59026745e-01],[-0.02281755  0.0215631  -0.149761    0.98822368],[ 0.49267562 -0.09728505  0.03010815 -0.86423368],[ 0.78118632 -0.0031688   0.00253239 -0.62428478],[-5.70610632e-01  2.34383232e-07 -1.95054807e-07  8.21220742e-01],[-0.04721577  0.04159611 -0.29730419  0.95270701],[ 0.6233984  -0.12230234 -0.12406077 -0.76225029],[ 0.62852984 -0.0175456   0.02169814 -0.77728475],[-4.41575752e-01  8.10324974e-08 -1.07265575e-07  8.97223972e-01]
[-0.75080464 -0.31436953 -0.36716897  0.4501679 ],[-0.81259988  0.05556074  0.19071527  0.54792529],[-0.06055426  0.07791041  0.18132377  0.97846044],[-0.27967602 -0.76266946  0.30040004  0.49987642],[-0.29720381  0.02109287 -0.06757788  0.95218602],[-2.00669998e-01 -1.73528640e-09 -3.10195567e-09  9.79658896e-01],[ 0.00162798 -0.01078593  0.14923577  0.98874147],[ 0.35305699  0.02236449  0.3939689  -0.84831545],[ 0.10974121 -0.01031117  0.09297649 -0.98954834],[-7.35827539e-02  7.03125737e-09 -3.35484991e-09  9.97289115e-01],[0. 0. 0. 1.],[ 0.01020045 -0.0263219   0.12785746 -0.99139073],[ 0.41339291  0.03679241 -0.08065518 -0.90622699],[-2.82402571e-01 -2.23011366e-08  2.32173442e-08  9.59295986e-01],[-0.02281755  0.02156311 -0.14976097  0.98822368],[ 0.49228853 -0.09873195  0.02889048 -0.86433174],[ 0.78120545 -0.00408106  0.00326115 -0.62425216],[-5.70632158e-01  1.13726424e-06 -9.14850355e-07  8.21205784e-01],[-0.04721577  0.0415961  -0.29730417  0.95270702],[ 0.62563776 -0.12530081 -0.12791016 -0.75928657],[ 0.62612335 -0.01957705  0.02436007 -0.77909748],[-4.39723725e-01 -8.08419846e-08  6.63869449e-08  8.98133089e-01]
[-0.75081225 -0.31436366 -0.36722318  0.45011508],[-0.81191407  0.05555836  0.19154395  0.54865265],[-0.06068492  0.07788521  0.18138356  0.97844327],[-0.28258142 -0.76263619  0.299634    0.49875168],[-0.29501642  0.02163857 -0.06987642  0.95268797],[-1.99196984e-01 -3.24395098e-08  4.06382415e-08  9.79959469e-01],[ 0.00162798 -0.01078593  0.14923577  0.98874147],[ 0.35351775  0.02163878  0.39201756 -0.84904605],[ 0.10928141 -0.0104391   0.09451828 -0.98945181],[-7.32844087e-02 -8.67264585e-09  1.33501048e-08  9.97311083e-01],[-1.832023e-09 -9.756578e-10 -6.419100e-09  1.000000e+00],[ 0.01054155 -0.026174    0.12682253 -0.991524  ],[ 0.41318301  0.03653716 -0.08014953 -0.90637789],[-2.82238084e-01 -1.47150808e-08 -4.10587977e-09  9.59344393e-01],[-0.02281755  0.02156313 -0.149761    0.98822368],[ 0.49205711 -0.09887463  0.02840147 -0.8644634 ],[ 0.78130334 -0.00421207  0.00336497 -0.62412821],[-5.70722921e-01  3.42755204e-07 -3.02602975e-07  8.21142708e-01],[-0.04721578  0.04159609 -0.29730419  0.95270701],[ 0.62578494 -0.12341743 -0.12553035 -0.7598707 ],[ 0.62646222 -0.01779374  0.02212477 -0.7789345 ],[-4.39949024e-01  1.42045317e-09  2.32192113e-08  8.98022748e-01]
[-0.75082453 -0.31435772 -0.36733843  0.4500047 ],[-0.81057908  0.05520382  0.19327886  0.55005215],[-0.06041506  0.07788479  0.18149861  0.97843867],[-0.2828411  -0.76325526  0.29828568  0.49846561],[-0.29419156  0.02127539 -0.06892033  0.95302082],[-1.98613344e-01 -7.57034548e-09 -1.35162930e-08  9.80077925e-01],[ 0.00162799 -0.01078593  0.14923577  0.98874147],[ 0.35266417  0.02315316  0.39372213 -0.84857221],[ 0.11037301 -0.01034234  0.09272085 -0.98950173],[-7.40057610e-02 -2.72329026e-08  4.05131650e-08  9.97257814e-01],[ 1.02901261e-08 -3.42314177e-10 -7.91015000e-09  1.00000000e+00],[ 0.0123077  -0.02587182  0.12959153 -0.99115347],[ 0.41208306  0.03744987 -0.08239468 -0.90664005],[-2.81517996e-01 -3.33025757e-09  8.42016742e-10  9.59555948e-01],[-0.02281755  0.02156312 -0.14976099  0.98822368],[ 0.49384756 -0.09799485  0.02936622 -0.86350983],[ 0.78029083 -0.00333888  0.00267614 -0.6254022 ],[-5.69787122e-01  7.12824327e-07 -5.70383422e-07  8.21792331e-01],[-0.04721578  0.04159609 -0.29730417  0.95270702],[ 0.62414803 -0.12211945 -0.12309242 -0.76182303],[ 0.62810789 -0.01669324  0.02066842 -0.77767257],[-4.41224183e-01  5.90113433e-08 -6.04865596e-08  8.97396914e-01]
[-0.75082453 -0.31435772 -0.36733843  0.4500047 ],[-0.81057908  0.05520382  0.19327886  0.55005215],[-0.06041506  0.07788479  0.18149861  0.97843867],[-0.2828411  -0.76325526  0.29828568  0.49846561],[-0.29419156  0.02127539 -0.06892033  0.95302082],[-1.98613344e-01 -7.57034548e-09 -1.35162930e-08  9.80077925e-01],[ 0.00162799 -0.01078593  0.14923577  0.98874147],[ 0.35266417  0.02315316  0.39372213 -0.84857221],[ 0.11037301 -0.01034234  0.09272085 -0.98950173],[-7.40057610e-02 -2.72329026e-08  4.05131650e-08  9.97257814e-01],[ 1.02901261e-08 -3.42314177e-10 -7.91015000e-09  1.00000000e+00],[ 0.0123077  -0.02587182  0.12959153 -0.99115347],[ 0.41208306  0.03744987 -0.08239468 -0.90664005],[-2.81517996e-01 -3.33025757e-09  8.42016742e-10  9.59555948e-01],[-0.02281755  0.02156312 -0.14976099  0.98822368],[ 0.49384756 -0.09799485  0.02936622 -0.86350983],[ 0.78029083 -0.00333888  0.00267614 -0.6254022 ],[-5.69787122e-01  7.12824327e-07 -5.70383422e-07  8.21792331e-01],[-0.04721578  0.04159609 -0.29730417  0.95270702],[ 0.62414803 -0.12211945 -0.12309242 -0.76182303],[ 0.62810789 -0.01669324  0.02066842 -0.77767257],[-4.41224183e-01  5.90113433e-08 -6.04865596e-08  8.97396914e-01]
[-0.7508372  -0.31434794 -0.36742831  0.44991699],[-0.80911375  0.05546461  0.19513712  0.55152528],[-0.06059544  0.07789479  0.18152424  0.97842197],[-0.28060439 -0.76290464  0.29951116  0.49953053],[-0.29640157  0.02112421 -0.06787749  0.95241405],[-2.00121225e-01 -1.65506343e-09 -2.87301314e-08  9.79771144e-01],[ 0.00162798 -0.01078593  0.14923578  0.98874147],[ 0.35387188  0.02188475  0.39381694 -0.84805894],[ 0.10894645 -0.01025759  0.09317554 -0.98961799],[-7.30497537e-02 -1.19987531e-09 -1.72979500e-08  9.97328298e-01],[ 1.04801719e-08  2.99938327e-09 -6.44547423e-10  1.00000000e+00],[ 0.01013183 -0.02613186  0.12972102 -0.99115434],[ 0.41345304  0.037563   -0.08231335 -0.90601883],[-2.82494107e-01 -1.20100782e-08  2.39793676e-08  9.59269034e-01],[-0.02281754  0.02156314 -0.14976099  0.98822368],[ 0.49486498 -0.09831883  0.02890977 -0.86290572],[ 0.77990107 -0.00388471  0.0031177  -0.62588298],[-5.69431061e-01  9.28236535e-07 -7.01850992e-07  8.22039091e-01],[-0.04721577  0.04159612 -0.29730419  0.95270701],[ 0.62402199 -0.12363175 -0.1252409  -0.76133203],[ 0.62775935 -0.01832202  0.02270319 -0.77786057],[-4.40984713e-01  6.56407381e-08 -5.36602584e-08  8.97514614e-01]
[-0.75084329 -0.31434298 -0.36746982  0.4498764 ],[-0.80824599  0.05562629  0.19636388  0.55234533],[-0.06078755  0.07777866  0.18155916  0.97841281],[-0.28251052 -0.7630518   0.29896558  0.49855725],[-0.29497327  0.02139874 -0.06911781  0.95276209],[-1.99155361e-01  3.23202029e-08 -4.70304666e-08  9.79967929e-01],[ 0.00162798 -0.01078593  0.14923578  0.98874147],[ 0.35154108  0.0237613   0.39441253 -0.84870079],[ 0.11171272 -0.01046542  0.09268371 -0.98935356],[-7.49064224e-02 -1.77662477e-08  4.43049842e-08  9.97190567e-01],[3.49679862e-10 3.09581619e-09 7.42122409e-09 1.00000000e+00],[ 0.01043192 -0.02612048  0.12974423 -0.99114849],[ 0.41345491  0.03755245 -0.0822903  -0.90602051],[-2.82494790e-01 -2.69401327e-08  4.56832954e-08  9.59268833e-01],[-0.02281756  0.02156313 -0.14976099  0.98822368],[ 0.49294487 -0.09883495  0.02758892 -0.86398835],[ 0.78124718 -0.0050528   0.00403699 -0.62418828],[-5.70675810e-01  6.62295691e-07 -5.28109373e-07  8.21175450e-01],[-0.04721578  0.04159609 -0.29730416  0.95270702],[ 0.62434371 -0.12348936 -0.12541588 -0.76106253],[ 0.62753846 -0.01829927  0.0226881  -0.77803976],[-4.40809835e-01  7.05318192e-08 -8.33687523e-08  8.97600517e-01]
[-0.75084855 -0.31432931 -0.36743093  0.44990894],[-0.80731378  0.05628987  0.19832244  0.55294133],[-0.06056771  0.07786876  0.18130944  0.97846558],[-0.28279868 -0.76310206  0.29888732  0.49836384],[-0.29501192  0.0213891  -0.06907638  0.95275334],[-1.99181386e-01  2.10083639e-08 -7.55467831e-08  9.79962640e-01],[ 0.00162798 -0.01078593  0.14923576  0.98874147],[ 0.35343725  0.021837    0.39265069 -0.84878189],[ 0.10991475 -0.01051384  0.09463921 -0.98936931],[-7.37112147e-02 -1.70483526e-08 -2.63544350e-08  9.97279628e-01],[ 1.02404600e-08  4.14374500e-09 -1.33624178e-09  1.00000000e+00],[ 0.00921862 -0.02567452  0.13210256 -0.99086061],[ 0.41411881  0.03830513 -0.08376151 -0.90555085],[-2.83013254e-01  2.97333619e-08 -3.58092402e-08  9.59115998e-01],[-0.02281755  0.02156311 -0.149761    0.98822368],[ 0.49335459 -0.09793154  0.02862749 -0.86382355],[ 0.78121926 -0.00383999  0.00306855 -0.62423738],[-5.70643705e-01  1.27589371e-06 -1.02964665e-06  8.21197761e-01],[-0.04721577  0.04159609 -0.29730419  0.95270702],[ 0.62515195 -0.12151255 -0.12234707 -0.76121674],[ 0.62698776 -0.01643199  0.02040548 -0.77858844],[-4.40334339e-01  1.40109872e-07 -1.40932964e-07  8.97833877e-01]
[-0.75085001 -0.31432574 -0.36742116  0.44991697],[-0.80689784  0.05625303  0.19933552  0.55318787],[-0.06071237  0.07792714  0.18149603  0.97841737],[-0.2813062  -0.76268346  0.30018827  0.4990669 ],[-0.2966663   0.02130767 -0.06839683  0.95229038],[-2.00311800e-01 -8.07580100e-09 -1.66677534e-08  9.79732200e-01],[ 0.00162798 -0.01078593  0.14923577  0.98874147],[ 0.35047393  0.0234536   0.39323156 -0.84969812],[ 0.11255145 -0.01069631  0.09400189 -0.98913164],[-7.54799861e-02  1.34363393e-08 -3.75957931e-09  9.97147317e-01],[3.47803141e-10 3.48009242e-09 7.17899843e-09 1.00000000e+00],[ 0.00821272 -0.02580798  0.12936428 -0.99122721],[ 0.41468309  0.03735027 -0.08156068 -0.9055334 ],[-2.83350832e-01  2.61337100e-08 -9.64605822e-09  9.59016322e-01],[-0.02281755  0.02156313 -0.149761    0.98822368],[ 0.49159997 -0.09664367  0.03101115 -0.86488599],[ 0.78231039 -0.00228396  0.00181866 -0.62288195],[-5.71643732e-01  6.40266573e-08 -4.74455903e-08  8.20501946e-01],[-0.04721579  0.0415961  -0.29730419  0.95270701],[ 0.62493148 -0.12375831 -0.12559289 -0.76050704],[ 0.62690506 -0.01865081  0.02316167 -0.77852793],[-4.40318095e-01 -8.05260422e-08  7.17551231e-08  8.97841843e-01]
[-0.75085019 -0.31432223 -0.36739569  0.44993992],[-0.80667553  0.05617467  0.2001578   0.55322315],[-0.05919994  0.07805012  0.18180183  0.97844348],[-0.28054617 -0.76261402  0.30069059  0.49929837],[-0.2960326   0.02095404 -0.06742568  0.95256465],[-1.99859884e-01  5.50224693e-08 -8.81262589e-08  9.79824488e-01],[ 0.00162798 -0.01078594  0.14923577  0.98874147],[ 0.34803822  0.02237678  0.39148666 -0.85153207],[ 0.11328148 -0.01098161  0.09586109 -0.98886671],[-7.59848403e-02 -5.22674992e-09 -8.16463948e-09  9.97108973e-01],[-1.87149829e-10 -3.62103657e-09 -7.08009477e-09  1.00000000e+00],[ 0.00539245 -0.02676489  0.12739116 -0.9914767 ],[ 0.41542386  0.03668481 -0.07995025 -0.90536468],[-2.83833225e-01 -9.11583164e-09 -8.59905566e-09  9.58873662e-01],[-0.02281756  0.02156309 -0.14976098  0.98822368],[ 0.49253755 -0.0984059   0.02770582 -0.86426583],[ 0.7814992  -0.00491735  0.00392554 -0.62387452],[-5.70907175e-01  5.52389342e-07 -4.58676689e-07  8.21014614e-01],[-0.04721578  0.04159611 -0.29730415  0.95270703],[ 0.62502164 -0.12438103 -0.12618189 -0.76023381],[ 0.62707018 -0.01908606  0.02369105 -0.77836845],[-4.40458750e-01  2.13919999e-08 -3.95929078e-08  8.97772850e-01]
[-0.75085019 -0.31432223 -0.36739569  0.44993992],[-0.80667553  0.05617467  0.2001578   0.55322315],[-0.05919994  0.07805012  0.18180183  0.97844348],[-0.28054617 -0.76261402  0.30069059  0.49929837],[-0.2960326   0.02095404 -0.06742568  0.95256465],[-1.99859884e-01  5.50224693e-08 -8.81262589e-08  9.79824488e-01],[ 0.00162798 -0.01078594  0.14923577  0.98874147],[ 0.34803822  0.02237678  0.39148666 -0.85153207],[ 0.11328148 -0.01098161  0.09586109 -0.98886671],[-7.59848403e-02 -5.22674992e-09 -8.16463948e-09  9.97108973e-01],[-1.87149829e-10 -3.62103657e-09 -7.08009477e-09  1.00000000e+00],[ 0.00539245 -0.02676489  0.12739116 -0.9914767 ],[ 0.41542386  0.03668481 -0.07995025 -0.90536468],[-2.83833225e-01 -9.11583164e-09 -8.59905566e-09  9.58873662e-01],[-0.02281756  0.02156309 -0.14976098  0.98822368],[ 0.49253755 -0.0984059   0.02770582 -0.86426583],[ 0.7814992  -0.00491735  0.00392554 -0.62387452],[-5.70907175e-01  5.52389342e-07 -4.58676689e-07  8.21014614e-01],[-0.04721578  0.04159611 -0.29730415  0.95270703],[ 0.62502164 -0.12438103 -0.12618189 -0.76023381],[ 0.62707018 -0.01908606  0.02369105 -0.77836845],[-4.40458750e-01  2.13919999e-08 -3.95929078e-08  8.97772850e-01]
[-0.75085328 -0.31432273 -0.36744079  0.44989759],[-0.80520692  0.05411883  0.20410349  0.55412519],[-0.05293223  0.07831163  0.18434109  0.97830661],[-0.27911587 -0.76440861  0.30036764  0.49754707],[-0.29223772  0.01924591 -0.06283305  0.95408528],[-1.97177963e-01  1.03737491e-08 -3.96166944e-08  9.80367712e-01],[ 0.00162796 -0.01078593  0.14923577  0.98874147],[ 0.34577504  0.0193749   0.39654798 -0.85018465],[ 0.11034425 -0.0102709   0.09210929 -0.9895628 ],[-7.39821475e-02 -5.94033958e-09 -3.30630410e-08  9.97259566e-01],[-4.59610600e-10  4.43424879e-09  6.65590540e-09  1.00000000e+00],[-0.0024825  -0.02928317  0.13097211 -0.99095037],[ 0.41581623  0.03781507 -0.08229565 -0.90492779],[-2.84182685e-01  2.93620402e-09  1.82979667e-08  9.58770150e-01],[-0.02281756  0.02156311 -0.14976096  0.98822368],[ 0.49282817 -0.09567473  0.02896537 -0.86436552],[ 0.78239535 -0.00327683  0.00260836 -0.622768  ],[-5.71725271e-01  1.18742849e-06 -9.42385837e-07  8.20445132e-01],[-0.04721577  0.0415961  -0.29730419  0.95270701],[ 0.6249832  -0.12468891 -0.12475991 -0.76044963],[ 0.62765386 -0.01836645  0.02276431 -0.77794286],[-4.40902502e-01  7.06435703e-08 -6.92549403e-08  8.97555003e-01]
[-0.75085659 -0.31432628 -0.36751267  0.44983087],[-0.80428089  0.05399048  0.20524522  0.55506007],[-0.05393184  0.07840164  0.18389867  0.97832807],[-0.28075391 -0.76425248  0.30067626  0.49667815],[-0.29111422  0.01937727 -0.06352585  0.95438016],[-1.96413862e-01  2.10350866e-08  1.12666269e-08  9.80521083e-01],[ 0.00162797 -0.01078593  0.14923575  0.98874147],[ 0.3435417   0.02118732  0.39619616 -0.8512102 ],[ 0.11263577 -0.01052102  0.09240683 -0.98927421],[-7.55252194e-02 -1.85324999e-09 -3.11897097e-08  9.97143892e-01],[ 8.65730200e-09  2.55802379e-09 -9.55303300e-09  1.00000000e+00],[-0.0019631  -0.02929074  0.12908481 -0.99119893],[ 0.4151957   0.03710228 -0.08090434 -0.90536757],[-2.83697891e-01 -1.36248218e-08  4.54759285e-08  9.58913712e-01],[-0.02281755  0.02156314 -0.14976098  0.98822368],[ 0.49181128 -0.0963704   0.02669515 -0.86494033],[ 0.78287201 -0.00519686  0.00413003 -0.62214737],[-5.72174830e-01  7.29759178e-07 -5.88023152e-07  8.20131675e-01],[-0.04721577  0.04159611 -0.29730419  0.95270701],[ 0.62554894 -0.12542699 -0.12665372 -0.75954949],[ 0.62669011 -0.01924871  0.02391659 -0.77866359],[-4.40162759e-01  1.29196132e-07 -1.55341120e-07  8.97918006e-01]
[-0.75085884 -0.31432999 -0.36757239  0.44977572],[-0.80336212  0.05369453  0.2066224   0.55590772],[-0.05289147  0.07826979  0.18439357  0.97830228],[-0.28017527 -0.76473816  0.30007012  0.49662388],[-0.29061532  0.01901114 -0.06244736  0.95461073],[-1.96055440e-01 -1.75492813e-08  4.99505282e-08  9.80592813e-01],[ 0.00162798 -0.01078591  0.14923577  0.98874147],[ 0.33954487  0.02171793  0.39635576 -0.85272488],[ 0.114495   -0.01073809  0.09275797 -0.98902555],[-7.67782351e-02  2.11281467e-09  1.66094736e-08  9.97048195e-01],[-5.61898500e-10  4.89976326e-09  6.53147500e-09  1.00000000e+00],[-0.00448099 -0.02987052  0.12908852 -0.99117295],[ 0.41577933  0.03724    -0.08106481 -0.90507968],[-2.84119783e-01 -1.50500713e-08 -8.83021693e-09  9.58788793e-01],[-0.02281756  0.02156314 -0.149761    0.98822368],[ 0.49348072 -0.09700148  0.02531437 -0.86395988],[ 0.78184373 -0.00568998  0.00453729 -0.62343197],[-5.71229432e-01  1.80321883e-07 -1.42989194e-07  8.20790433e-01],[-0.04721578  0.04159609 -0.29730419  0.95270701],[ 0.62668838 -0.12468059 -0.12549855 -0.7589246 ],[ 0.62577106 -0.01800167  0.02242351 -0.77947656],[-4.39408627e-01  6.22500438e-08 -7.62488647e-08  8.98287292e-01]
[-0.7508593  -0.31432939 -0.36757489  0.44977332],[-0.8023413   0.05402798  0.20842974  0.55667446],[-0.05184419  0.07828391  0.18462625  0.97831332],[-0.28222275 -0.76441065  0.3009519   0.49543378],[-0.29008063  0.01948288 -0.06411808  0.95465309],[-1.95710556e-01 -8.82030004e-10 -2.26152001e-08  9.80661704e-01],[ 0.00162796 -0.01078596  0.14923577  0.98874147],[ 0.33937866  0.02122105  0.39706277 -0.8524746 ],[ 0.11371807 -0.01065886  0.09271069 -0.98912048],[-7.62553055e-02 -8.60347562e-09 -5.84373542e-08  9.97088325e-01],[-3.67187058e-09 -2.10242313e-08 -6.28793500e-10  1.00000000e+00],[-0.00761288 -0.02979086  0.13008187 -0.99102636],[ 0.41697544  0.03765122 -0.08166889 -0.90445788],[-2.84993021e-01 -1.85516827e-08  8.14537593e-09  9.58529592e-01],[-0.02281756  0.02156309 -0.14976099  0.98822368],[ 0.49373744 -0.09539995  0.02812346 -0.86390466],[ 0.78210227 -0.00334479  0.00266498 -0.62313542],[-5.71455297e-01  1.38190409e-06 -1.11433019e-06  8.20633196e-01],[-0.04721577  0.04159604 -0.29730417  0.95270702],[ 0.62604031 -0.12328803 -0.12339928 -0.7600304 ],[ 0.62682668 -0.01670308  0.0207502  -0.77870325],[-4.40212975e-01 -2.48782333e-08  1.27101790e-08  8.97893388e-01]
[-0.75085701 -0.31432604 -0.36751719  0.44982665],[-0.80117249  0.05467747  0.21099627  0.55732719],[-0.05352103  0.07826923  0.18384382  0.97837154],[-0.2786628  -0.76441929  0.3017766   0.49693167],[-0.29284921  0.01894976 -0.06173009  0.9539757 ],[-1.97583912e-01 -1.40411188e-08  2.74154186e-08  9.80285978e-01],[ 0.00162799 -0.01078593  0.14923579  0.98874147],[ 0.33989396  0.02208388  0.39771142 -0.85194485],[ 0.11323418 -0.01056572  0.09230295 -0.98921512],[-7.59269509e-02  5.85485487e-10 -2.14332747e-08  9.97113383e-01],[0. 0. 0. 1.],[-0.00615175 -0.02936124  0.13094686 -0.99093541],[ 0.41618246  0.03767774 -0.081913   -0.90479987],[-2.84433176e-01  4.15763815e-08 -2.43006946e-08  9.58695868e-01],[-0.02281755  0.02156311 -0.14976099  0.98822368],[ 0.49083673 -0.09527764  0.02899801 -0.86554063],[ 0.78367721 -0.00314616  0.00249372 -0.6211553 ],[-5.72908468e-01 -4.48186629e-07  3.50347714e-07  8.19619355e-01],[-0.04721577  0.04159609 -0.29730417  0.95270702],[ 0.6248977  -0.12422954 -0.12553308 -0.76046784],[ 0.62673949 -0.01833613  0.02278144 -0.77867991],[-4.40180168e-01  3.19340242e-08 -1.39484154e-09  8.97909472e-01]
[-0.75085497 -0.31432124 -0.36745159  0.44988698],[-0.80094947  0.05486321  0.21206954  0.55722211],[-0.05311697  0.07826207  0.18391547  0.97838067],[-0.27856357 -0.76433712  0.30167721  0.49717398],[-0.29246809  0.01896226 -0.06185828  0.95408406],[-1.97323152e-01  2.19023885e-08 -5.64643753e-08  9.80338500e-01],[ 0.00162796 -0.01078592  0.14923577  0.98874147],[ 0.34226813  0.01898599  0.39400649 -0.8527901 ],[ 0.11081999 -0.01073699  0.09583666 -0.98915064],[-7.43287395e-02 -1.05071275e-08 -4.40483697e-08  9.97233793e-01],[-3.31499939e-09 -2.02128376e-08 -1.03615028e-09  1.00000000e+00],[-0.00514733 -0.02942429  0.12926266 -0.99116037],[ 0.41510339  0.03700977 -0.08072598 -0.9054296 ],[-2.83626729e-01 -1.45427472e-08 -2.61926774e-09  9.58934762e-01],[-0.02281756  0.0215631  -0.14976099  0.98822368],[ 0.49383568 -0.09705741  0.02604937 -0.8637289 ],[ 0.78157151 -0.00505692  0.00403616 -0.62378211],[-5.70974529e-01  9.44403600e-07 -7.44333637e-07  8.20967775e-01],[-0.04721578  0.04159605 -0.29730416  0.95270702],[ 0.62514888 -0.12484645 -0.1266002  -0.7599833 ],[ 0.62633828 -0.01880863  0.02339221 -0.7789733 ],[-4.39874642e-01  7.54854987e-08 -7.86354887e-08  8.98059185e-01]
[-0.75085497 -0.31432124 -0.36745159  0.44988698],[-0.80094947  0.05486321  0.21206954  0.55722211],[-0.05311697  0.07826207  0.18391547  0.97838067],[-0.27856357 -0.76433712  0.30167721  0.49717398],[-0.29246809  0.01896226 -0.06185828  0.95408406],[-1.97323152e-01  2.19023885e-08 -5.64643753e-08  9.80338500e-01],[ 0.00162796 -0.01078592  0.14923577  0.98874147],[ 0.34226813  0.01898599  0.39400649 -0.8527901 ],[ 0.11081999 -0.01073699  0.09583666 -0.98915064],[-7.43287395e-02 -1.05071275e-08 -4.40483697e-08  9.97233793e-01],[-3.31499939e-09 -2.02128376e-08 -1.03615028e-09  1.00000000e+00],[-0.00514733 -0.02942429  0.12926266 -0.99116037],[ 0.41510339  0.03700977 -0.08072598 -0.9054296 ],[-2.83626729e-01 -1.45427472e-08 -2.61926774e-09  9.58934762e-01],[-0.02281756  0.0215631  -0.14976099  0.98822368],[ 0.49383568 -0.09705741  0.02604937 -0.8637289 ],[ 0.78157151 -0.00505692  0.00403616 -0.62378211],[-5.70974529e-01  9.44403600e-07 -7.44333637e-07  8.20967775e-01],[-0.04721578  0.04159605 -0.29730416  0.95270702],[ 0.62514888 -0.12484645 -0.1266002  -0.7599833 ],[ 0.62633828 -0.01880863  0.02339221 -0.7789733 ],[-4.39874642e-01  7.54854987e-08 -7.86354887e-08  8.98059185e-01]
